time_s,knee_angle_deg
0.006430,0.1772
0.007170,0.1816
0.009176,0.1940
0.012312,0.2133
0.015656,0.2193
0.017734,0.2225
0.027644,0.2334
0.029595,0.2290
0.033178,0.2213
0.035286,0.2062
0.039512,0.1904
0.041607,0.1814
0.045710,0.1621
0.047777,0.1496
0.052914,0.1323
0.053946,0.1230
0.057685,0.1127
0.059866,0.1113
0.063116,0.1069
0.066541,0.0912
0.068581,0.0864
0.071531,0.0770
0.074984,0.0671
0.078064,0.0655
0.081287,0.0616
0.084650,0.0568
0.086648,0.0610
0.091003,0.0743
0.093056,0.0795
0.096453,0.0841
0.099997,0.0992
0.101977,0.1034
0.105020,0.1116
0.108104,0.1206
0.111155,0.1268
0.114627,0.1437
0.118005,0.1552
0.120166,0.1645
0.130050,0.2086
0.132124,0.1889
0.134236,0.1767
0.135476,0.1626
0.139948,0.1679
0.140946,0.1637
0.144075,0.1542
0.147232,0.1443
0.150243,0.1293
0.153374,0.1179
0.155936,0.1078
0.159311,0.0930
0.163004,0.0783
0.165006,0.0707
0.168414,0.0589
0.171465,0.0463
0.174497,0.0382
0.176805,0.0340
0.179832,0.0257
0.183293,0.0160
0.186601,0.0160
0.188614,0.0172
0.191956,0.0163
0.195387,0.0098
0.197747,0.0140
0.200795,0.0107
0.203892,0.0073
0.208645,0.0107
0.210850,0.0107
0.212825,0.0182
0.216357,0.0278
0.220702,0.0348
0.223117,0.0371
0.231664,0.0475
0.232701,0.0701
0.234328,0.0891
0.236286,0.0973
0.241935,0.1168
0.243998,0.1291
0.245983,0.1333
0.250448,0.1494
0.252572,0.1542
0.255668,0.1574
0.259054,0.1567
0.262135,0.1445
0.265242,0.1423
0.267406,0.1393
0.271157,0.1373
0.273128,0.1381
0.277441,0.1299
0.279471,0.1234
0.282977,0.1131
0.286556,0.0973
0.288606,0.0963
0.291914,0.0903
0.295225,0.0840
0.298600,0.0825
0.301695,0.0869
0.304229,0.0896
0.310367,0.0908
0.311438,0.0938
0.313847,0.1015
0.316813,0.1071
0.319242,0.1131
0.322268,0.1263
0.325345,0.1327
0.334196,0.1388
0.342110,0.1646
0.344255,0.1708
0.346342,0.1774
0.349525,0.1869
0.352542,0.1916
0.356331,0.1927
0.358329,0.1976
0.361520,0.1980
0.364849,0.1982
0.368301,0.2070
0.370301,0.2088
0.373602,0.2091
0.377044,0.2103
0.379506,0.2198
0.383063,0.2223
0.386425,0.2251
0.389599,0.2293
0.392134,0.2304
0.395210,0.2344
0.397691,0.2368
0.400785,0.2402
0.404308,0.2501
0.407555,0.2663
0.409911,0.2760
0.412998,0.2844
0.416468,0.2813
0.418812,0.2997
0.422369,0.3183
0.425338,0.3353
0.427820,0.3487
0.438235,0.3989
0.439468,0.3933
0.442463,0.4217
0.445811,0.4368
0.448966,0.4525
0.451465,0.4640
0.455015,0.4733
0.458432,0.4827
0.460771,0.4834
0.463780,0.4869
0.466840,0.4811
0.470233,0.4719
0.472678,0.4560
0.475772,0.4441
0.478818,0.4259
0.481895,0.4124
0.485102,0.3876
0.488249,0.3662
0.490755,0.3480
0.493839,0.3353
0.496898,0.3135
0.500584,0.2977
0.503741,0.2889
0.507830,0.2787
0.510214,0.2786
0.512288,0.2826
0.515876,0.2777
0.518982,0.2830
0.522215,0.2981
0.525152,0.3198
0.531609,0.3685
0.541863,0.4385
0.543126,0.4131
0.546469,0.4363
0.549212,0.4478
0.551649,0.4625
0.555604,0.4783
0.558805,0.4957
0.561866,0.5160
0.563788,0.5373
0.566396,0.5632
0.570350,0.5813
0.574017,0.5995
0.577073,0.6150
0.579281,0.6288
0.582541,0.6565
0.585077,0.6493
0.588319,0.6499
0.591925,0.6468
0.594873,0.6344
0.597148,0.6212
0.600842,0.6147
0.603274,0.5991
0.605865,0.5892
0.609614,0.5777
0.615008,0.5573
0.618862,0.5457
0.621275,0.5412
0.625363,0.5415
0.630269,0.5441
0.631446,0.5552
0.634335,0.5756
0.642388,0.6313
0.645357,0.6494
0.648937,0.6723
0.651534,0.6912
0.653884,0.7165
0.657858,0.7341
0.660015,0.7563
0.663927,0.7792
0.666725,0.8013
0.669931,0.8259
0.672020,0.8481
0.675714,0.8784
0.678630,0.9037
0.681251,0.9267
0.683983,0.9531
0.686908,0.9651
0.691248,0.9801
0.694103,0.9939
0.696560,1.0094
0.699419,1.0181
0.701834,1.0355
0.709660,1.0669
0.713203,1.0846
0.736339,1.1335
0.751282,1.1634
0.751990,1.2739
0.766705,1.6959
0.767639,1.7108
0.770928,1.7373
0.774576,1.7629
0.775730,1.7698
0.779475,1.8109
0.782822,1.8304
0.786853,1.8635
0.788050,1.8599
0.793100,1.8856
0.794289,1.8795
0.801295,1.8793
0.816859,1.9689
0.817856,1.9896
0.822883,2.0140
0.824322,2.0382
0.827744,2.0704
0.831650,2.1104
0.834528,2.1624
0.837398,2.2084
0.847829,2.2551
0.851512,2.4148
0.852734,2.4820
0.855632,2.5406
0.858097,2.5832
0.861482,2.6395
0.864026,2.7035
0.866627,2.7663
0.870462,2.8189
0.872763,2.8730
0.875365,2.9201
0.881114,2.9891
0.883783,2.9989
0.892021,3.0908
0.893453,3.1433
0.897669,3.1830
0.905435,3.2359
0.906118,3.2534
0.910907,3.3705
0.912149,3.3935
0.914997,3.4328
0.917936,3.4839
0.920240,3.5239
0.922842,3.5530
0.926551,3.6330
0.935194,3.7726
0.938904,3.8384
0.955000,4.2110
0.957684,4.2810
0.962010,4.3676
0.964852,4.4734
0.967844,4.6002
0.969771,4.7410
0.973205,4.8671
0.976177,5.0137
0.978184,5.1356
0.982209,5.2636
0.984221,5.4002
0.988266,5.5326
0.990274,5.6583
0.996352,5.8215
0.997731,5.9458
0.999746,6.1343
1.002853,6.3043
1.006693,6.4879
1.009317,6.6685
1.012613,6.8520
1.015198,7.0643
1.018465,7.2806
1.021585,7.4856
1.024912,7.7019
1.026935,7.9619
1.030184,8.2323
1.034497,8.5181
1.037032,8.8406
1.039501,9.1770
1.043244,9.5566
1.052453,10.7103
1.054935,11.1497
1.058166,11.6316
1.061047,12.0569
1.064013,12.5017
1.066072,12.9738
1.069145,13.3841
1.073315,13.7897
1.076693,14.1518
1.082129,14.8933
1.084161,15.2547
1.087798,15.6252
1.090798,16.0091
1.094257,16.3990
1.096235,16.8218
1.099546,17.2913
1.102683,17.7860
1.105820,18.2674
1.109037,18.7687
1.112450,19.3181
1.114390,19.8480
1.117574,20.4232
1.121152,21.0514
1.124441,21.6170
1.127614,22.1749
1.129594,22.7947
1.132854,23.4311
1.136259,24.0243
1.139675,24.6169
1.142987,25.2677
1.145092,25.8317
1.153849,26.4559
1.156878,28.0318
1.157960,28.1473
1.161149,28.7745
1.162934,29.4166
1.165336,30.0102
1.168186,30.6256
1.172155,31.2959
1.175760,31.9084
1.179823,32.4818
1.181255,33.1643
1.183838,33.7929
1.187415,34.4180
1.190759,35.0570
1.193145,35.7584
1.196039,36.3686
1.199917,37.6200
1.201901,37.7742
1.205522,38.9754
1.208984,39.7042
1.212815,40.3873
1.214417,40.5077
1.216851,41.1710
1.220862,41.8383
1.223364,42.5794
1.227424,43.2498
1.229902,43.9131
1.233399,44.7097
1.236165,45.3955
1.237931,46.0553
1.242501,46.8260
1.245293,47.5241
1.248788,48.1881
1.253551,50.0282
1.256316,50.1690
1.257588,50.8090
1.260552,51.6716
1.263288,51.8336
1.265722,52.5505
1.268247,53.2573
1.272247,54.0290
1.274959,54.7267
1.277489,55.4131
1.280357,56.0582
1.284269,56.8570
1.294422,59.5258
1.295498,59.5897
1.299453,60.2563
1.301209,60.9551
1.305372,61.5707
1.308090,62.1741
1.310673,62.8010
1.314784,64.0614
1.317362,64.7085
1.319691,64.7573
1.323538,65.4700
1.327809,66.7538
1.329009,66.8081
1.332200,68.1618
1.335915,68.8362
1.338745,69.5594
1.343951,70.2311
1.345158,70.3088
1.347741,71.5542
1.350204,71.6255
1.355126,72.3706
1.360525,72.4320
1.361742,72.5535
1.364579,74.9113
1.369970,76.3289
1.371171,76.3859
1.374751,77.7907
1.377942,78.4858
1.380830,78.5425
1.383641,79.9339
1.386574,79.9951
1.390443,81.4573
1.393075,82.1456
1.395704,82.8367
1.398284,82.8893
1.401841,84.2519
1.405079,84.9226
1.408063,85.5805
1.410780,86.2990
1.413054,86.3325
1.415711,88.0090
1.419237,88.0363
1.421952,88.6832
1.424833,89.3372
1.427686,89.9928
1.431759,90.8965
1.434728,91.5520
1.437239,92.1984
1.440698,92.9143
1.449690,94.2305
1.454012,94.9549
1.460783,95.6287
1.462897,96.7676
1.464424,97.9282
1.467866,98.5316
1.471453,99.1727
1.473692,99.7238
1.477308,100.2552
1.480986,100.8536
1.483790,101.3700
1.485772,101.8511
1.489623,102.4174
1.493972,102.9330
1.497960,103.9837
1.502226,104.5739
1.503403,105.0962
1.507270,105.6553
1.511474,106.2585
1.512639,106.8046
1.515383,107.4340
1.518790,108.0567
1.521524,108.6198
1.524258,109.2031
1.528202,109.7758
1.532978,110.4237
1.536971,111.3474
1.539622,111.8725
1.540840,111.8957
1.543614,112.2882
1.546286,112.6253
1.549728,113.0214
1.553415,113.6239
1.555844,113.6083
1.563578,114.4953
1.564591,114.4921
1.568949,115.1341
1.570169,115.1503
1.572927,115.4368
1.578257,115.9924
1.579917,116.2337
1.582286,116.2638
1.586350,116.4681
1.589053,116.6772
1.591568,116.8797
1.595427,117.0229
1.598127,117.2676
1.600974,117.3911
1.603124,117.4005
1.606559,117.6215
1.611462,117.7442
1.612696,117.8460
1.614800,117.8455
1.617457,117.9179
1.622157,117.9730
1.625111,117.9786
1.629983,117.9551
1.634226,117.8944
1.635479,117.9234
1.639434,117.9252
1.645117,117.8565
1.646055,117.8765
1.647237,117.8253
1.652566,117.7523
1.653756,117.6578
1.658385,117.5624
1.667766,117.1227
1.669023,117.1034
1.671441,116.9574
1.674281,116.7820
1.679101,116.4657
1.680307,116.4307
1.684087,116.2548
1.686640,116.0750
1.688881,115.8639
1.694978,115.4670
1.698674,115.1946
1.701555,114.9572
1.704120,114.7210
1.708253,114.4886
1.711290,114.2425
1.712489,114.0042
1.716390,113.7598
1.720031,113.4949
1.722369,113.2624
1.726577,113.0410
1.728709,112.8020
1.731511,112.5766
1.735331,112.3860
1.737794,112.1673
1.740552,111.9726
1.743876,111.7810
1.746997,111.5882
1.751029,111.1861
1.752254,111.1694
1.756080,110.9619
1.758701,110.7170
1.771557,109.8108
1.772470,109.5202
1.773534,109.4697
1.777771,109.1961
1.781143,108.6025
1.785708,108.2808
1.788522,107.9302
1.791334,107.5864
1.794130,107.2212
1.797065,106.8046
1.800894,106.4221
1.803582,105.9970
1.807155,105.5740
1.809018,105.0944
1.812176,104.6683
1.815387,104.1682
1.818554,103.6637
1.821321,103.1888
1.824882,102.7076
1.827798,102.1797
1.831006,101.7137
1.833866,101.2521
1.836288,100.7767
1.839803,100.3192
1.842608,99.8666
1.846182,99.4604
1.850676,98.5035
1.851895,98.5028
1.854581,98.0373
1.858239,97.4981
1.860907,97.0029
1.870464,96.5217
1.878152,93.9660
1.880838,93.3902
1.884995,92.8159
1.888223,92.1596
1.891145,91.5550
1.895183,90.3484
1.896363,90.2854
1.899060,89.5001
1.902175,88.8048
1.904925,88.1088
1.907487,87.3344
1.911682,86.6363
1.914574,85.9304
1.917245,85.1500
1.919595,84.4380
1.924438,83.7342
1.927347,82.9538
1.928501,82.2399
1.932937,81.5235
1.935801,80.8109
1.938023,80.0204
1.942172,79.2705
1.944658,78.5466
1.947585,77.7840
1.949957,77.1035
1.953082,76.4336
1.960462,74.9616
1.964098,73.5965
1.976674,71.4623
1.977668,70.6262
1.979837,69.8685
1.983032,69.1449
1.989811,67.5615
1.994881,66.7691
1.996888,65.2593
1.997939,65.1254
2.001419,64.3346
2.004442,63.5109
2.006760,62.5955
2.010199,61.7573
2.013224,60.9486
2.016364,60.0287
2.019898,59.1629
2.021783,58.3647
2.024855,57.4095
2.027927,56.5449
2.031051,55.7135
2.034138,54.8820
2.037508,54.0152
2.039973,53.2055
2.044321,52.3821
2.046326,51.5315
2.049912,50.7807
2.051895,50.0733
2.055197,49.3043
2.061564,47.9423
2.063895,47.2027
2.076092,44.8039
2.077089,44.6731
2.078114,44.0826
2.081257,43.3297
2.084517,42.5948
2.088156,41.8732
2.091460,41.1411
2.093520,40.3946
2.096576,39.5792
2.099779,38.8308
2.103460,38.1231
2.105966,37.3357
2.109324,36.6210
2.112523,35.9059
2.114827,35.0769
2.118307,34.3764
2.121515,33.6512
2.124729,33.5536
2.126708,32.2433
2.129915,31.6212
2.133346,30.9420
2.135293,30.3072
2.138427,30.2899
2.141593,29.7856
2.145180,28.7366
2.147223,28.7797
2.151713,27.7967
2.154711,27.3454
2.156896,26.9471
2.161111,26.5934
2.163220,26.2833
2.166376,25.9284
2.169615,25.6331
2.180601,24.6083
2.184048,24.3889
2.186218,24.6024
2.189516,24.0121
2.193031,23.8769
2.196201,23.6524
2.199473,23.4962
2.201672,23.2995
2.204693,23.0244
2.207801,22.7593
2.210993,22.4868
2.214310,22.1701
2.216782,21.8684
2.220089,21.5543
2.223239,21.2487
2.225230,21.2502
2.227339,20.9230
2.231481,20.3527
2.233614,20.3783
2.238232,19.8139
2.240368,19.5605
2.242896,19.5497
2.246008,19.2417
2.249502,18.9266
2.252800,18.6111
2.255881,18.2529
2.257941,17.9046
2.261458,17.5264
2.264583,17.1313
2.270051,16.9870
2.282721,14.6836
2.286112,13.3766
2.288301,12.7224
2.291445,12.0904
2.296199,11.5336
2.297478,11.4346
2.300685,10.3140
2.303781,9.9871
2.306864,9.7519
2.311472,9.5651
2.313606,9.3850
2.315730,9.2383
2.319262,9.1047
2.322345,8.9530
2.325841,8.8393
2.327786,8.9314
2.331292,8.6500
2.335497,8.6085
2.338026,8.5942
2.341445,8.6370
2.344509,8.6696
2.345530,8.8666
2.348543,8.9722
2.351652,9.0342
2.355891,9.0070
2.357799,9.1207
2.360867,9.1487
2.364123,9.1362
2.367348,9.0275
2.370690,8.9751
2.373031,8.9856
2.382777,8.7107
2.386012,8.6385
2.387871,8.6273
2.390957,8.4980
2.394149,8.4505
2.396630,8.4250
2.399705,8.4224
2.402198,8.4496
2.405454,8.4206
2.408495,8.4263
2.412606,8.4292
2.414955,8.4272
2.417003,8.4035
2.420088,8.3701
2.424676,8.3104
2.427924,8.2458
2.429951,8.1830
2.433092,8.1193
2.436669,8.0583
2.441087,7.9924
2.442002,7.9287
2.445488,7.8784
2.448754,7.8503
2.450983,7.7831
2.454376,7.7391
2.457455,7.6838
2.460561,7.6449
2.463641,7.5775
2.466752,7.5350
2.470254,7.4714
2.472259,7.4147
2.475678,7.3674
2.485422,7.2096
2.487943,7.1605
2.492066,7.0796
2.494136,7.0373
2.496490,7.0097
2.500008,7.0028
2.502431,7.0306
2.505564,7.0468
2.508495,7.0352
2.511666,7.0289
2.513988,7.0075
2.517502,7.0046
2.520770,6.9889
2.522740,6.9540
2.526830,6.9591
2.528991,6.9355
2.532198,6.9230
2.534196,6.8768
2.538427,6.8881
2.542195,6.8447
2.544246,6.8916
2.547435,6.8459
2.551061,6.8223
2.558432,6.7919
2.559464,6.7192
2.568527,6.7146
2.569559,6.6761
2.572741,6.6390
2.574679,6.5743
2.578792,6.5456
2.584528,6.5070
2.587624,6.4677
2.594378,6.3035
2.596370,6.2488
2.600985,6.1882
2.603272,6.1360
2.605781,6.0933
2.608838,6.0646
2.612164,6.0184
2.615250,5.9866
2.617570,5.9575
2.620827,5.9281
2.624003,5.9124
2.627042,5.9024
2.629089,5.8930
2.633313,5.8840
2.635848,5.8751
2.639376,5.8796
2.643797,5.8805
2.644789,5.9101
2.648042,5.9018
2.651228,5.9247
2.654404,5.9623
2.657034,6.0155
2.660070,6.0807
2.662103,6.1507
2.666593,6.2142
2.668665,6.2700
2.672659,6.3285
2.674935,6.3729
2.679213,6.3950
2.680230,6.4123
2.692701,6.4656
2.694683,6.3736
2.697929,6.3297
2.700959,6.2744
2.705046,6.2159
2.707775,6.1508
2.710793,6.0939
2.712844,6.0275
2.717053,5.9724
2.719070,5.9249
2.722572,5.8937
2.724584,5.8744
2.728870,5.8870
2.731322,5.9187
2.735369,5.9959
2.737364,6.0732
2.740597,6.1869
2.744924,6.3178
2.745905,6.4544
2.748410,6.6243
2.754410,6.9118
2.755438,7.0430
2.758485,7.1698
2.762503,7.5103
2.763828,7.7483
2.767260,7.9796
2.770575,8.1785
2.772590,8.3615
2.777799,8.5045
2.778807,8.6331
2.781849,8.6333
2.795346,9.4065
2.796721,9.6236
2.799742,9.8597
2.803081,10.0689
2.806135,10.3137
2.809833,10.8059
2.813000,10.8526
2.814012,10.9222
2.817032,11.2215
2.820179,11.8481
2.823221,12.1876
2.827326,12.5603
2.829341,12.9720
2.833637,13.3787
2.835670,13.8015
2.837709,13.9637
2.841844,14.4294
2.845903,15.2604
2.847935,15.8063
2.850952,16.3743
2.854074,16.8929
2.857088,17.4523
2.861410,18.0408
2.863427,18.5684
2.865578,19.1091
2.869605,19.6667
2.871778,19.7604
2.874802,20.6929
2.877825,21.2182
2.881849,21.7940
2.883935,22.2943
2.896341,24.1093
2.897309,24.3173
2.898318,24.3981
2.902566,25.4853
2.904577,26.0095
2.908599,26.5400
2.911621,27.1069
2.913645,27.6206
2.917660,28.1283
2.920678,28.6862
2.923732,29.2032
2.925742,29.2444
2.929801,30.2373
2.931782,30.7472
2.934807,31.2568
2.938826,31.7534
2.940838,32.2890
2.944865,32.7792
2.945916,32.7937
2.950087,33.7914
2.952771,34.2425
2.956478,34.7023
2.958591,34.6992
2.962447,35.5976
2.965060,36.1371
2.967714,36.6352
2.971904,37.2043
2.974088,37.8242
2.977785,38.3894
2.983018,39.0567
2.984607,39.6906
2.986178,40.4225
2.996087,41.2359
2.997127,42.5686
2.998196,42.6856
3.000867,44.1285
3.004957,44.8451
3.008003,45.5614
3.011523,46.3473
3.013982,47.0456
3.016411,47.7204
3.019653,48.4581
3.021740,49.1207
3.025835,49.7771
3.028845,50.5108
3.030836,51.1770
3.033887,51.8895
3.037873,52.5940
3.040923,53.4265
3.045962,54.1581
3.046965,54.9046
3.050089,55.8222
3.052793,56.5542
3.055944,57.2921
3.058549,58.1281
3.061783,58.8927
3.065422,59.6219
3.068043,60.3891
3.071248,61.2076
3.073693,61.9138
3.079937,63.2960
3.080958,63.3266
3.082959,64.0048
3.086110,64.7275
3.089200,65.4560
3.098372,66.1285
3.099391,66.1342
3.101436,67.9845
3.103824,68.6335
3.105834,69.2553
3.110986,70.5287
3.113364,70.5140
3.116649,71.7268
3.117701,71.7109
3.121775,72.2635
3.123795,72.8071
3.126819,73.3516
3.130184,73.9453
3.134466,74.4914
3.136533,75.0441
3.138747,75.6519
3.145920,76.7958
3.150300,77.9880
3.152370,77.9935
3.154496,78.5589
3.157595,79.1327
3.160891,79.7893
3.162920,80.3829
3.166189,80.9745
3.169305,81.6224
3.173424,82.2294
3.180810,83.4631
3.182826,84.0450
3.185105,84.6814
3.187116,85.3404
3.191169,85.9076
3.201504,86.4847
3.203535,87.5848
3.204526,88.6709
3.207545,88.6693
3.211636,89.4103
3.213655,90.5174
3.218647,91.1536
3.220752,91.6861
3.222927,92.2853
3.228298,92.8498
3.229310,93.4376
3.232574,94.0404
3.235704,94.6182
3.240940,95.7713
3.245125,96.3400
3.248241,96.9737
3.251307,97.5347
3.253475,98.0560
3.260906,99.1038
3.261899,99.0865
3.263308,99.5234
3.265917,100.0518
3.270867,101.0984
3.271869,101.0615
3.275109,101.5049
3.278449,101.9988
3.280861,102.4089
3.284153,102.8503
3.287307,103.3015
3.291405,103.6717
3.304546,105.7270
3.306666,105.4988
3.311414,106.2999
3.312449,106.2783
3.313585,106.6807
3.316673,107.0663
3.319974,107.4965
3.326382,108.2496
3.328418,108.7517
3.331582,109.1848
3.334735,109.6115
3.337797,110.0925
3.342036,110.5461
3.345648,111.3321
3.346656,111.4810
3.350313,111.8955
3.352428,112.2633
3.355099,112.6089
3.359178,112.9405
3.365211,113.4409
3.368229,113.6905
3.370240,113.8837
3.374265,114.0690
3.376277,114.0841
3.379296,114.4006
3.382352,114.5284
3.384327,114.5397
3.388663,114.7237
3.391682,114.7342
3.396715,114.7949
3.414349,114.5669
3.417566,114.4977
3.421667,114.1690
3.423735,114.0206
3.427854,113.8557
3.429976,113.6985
3.433074,113.5271
3.436080,113.3292
3.438209,113.3540
3.442310,113.1531
3.445457,112.7092
3.447581,112.4023
3.450723,112.4247
3.454084,111.8688
3.456242,111.5745
3.460522,111.3001
3.462554,111.3234
3.467786,110.7197
3.471409,110.4460
3.474641,110.1664
3.477286,109.8346
3.480909,109.5662
3.484061,108.9371
3.486631,108.5583
3.489775,108.1697
3.491887,108.1683
3.495145,107.7290
3.498819,107.2061
3.510492,104.8398
3.512764,104.8069
3.516396,104.2515
3.517289,104.2149
3.520331,103.6104
3.522339,103.0618
3.525749,102.5109
3.529910,101.3659
3.533545,100.7711
3.538777,99.5187
3.541570,98.8938
3.545316,98.2961
3.547315,98.2245
3.549990,97.5331
3.554597,96.3913
3.556629,95.7300
3.559355,95.6544
3.562943,94.5318
3.565430,93.8119
3.568484,93.1204
3.571150,93.0617
3.574397,91.5087
3.581196,90.4925
3.583632,89.6952
3.586325,88.7825
3.589306,87.8547
3.593167,86.7711
3.594993,86.0618
3.597976,85.2953
3.612366,81.2698
3.614462,81.2777
3.618224,81.2719
3.619636,80.4549
3.622509,79.6832
3.624446,78.9194
3.628842,78.1484
3.631152,77.4911
3.634454,76.7302
3.637158,75.9319
3.640104,75.1880
3.643804,73.7684
3.646349,73.6791
3.648493,72.8572
3.652069,72.0464
3.654516,71.2612
3.658535,70.4085
3.670809,67.1129
3.673294,66.2851
3.675018,65.3489
3.678251,64.5454
3.682792,63.6797
3.683986,63.5648
3.688905,61.8872
3.690073,61.7918
3.694239,60.2936
3.696371,60.2034
3.700325,58.7208
3.702573,58.6499
3.715584,53.3914
3.716738,53.3301
3.721793,53.1752
3.722891,53.0752
3.726259,52.2138
3.729185,51.4688
3.732945,50.7127
3.735527,49.8556
3.739525,49.0708
3.742308,48.2960
3.746209,47.4567
3.747425,46.7063
3.751094,45.9316
3.753508,45.1642
3.757268,44.3246
3.762618,42.8953
3.764992,42.0795
3.769100,41.3063
3.771637,40.5588
3.774083,39.7234
3.779552,38.9462
3.781274,38.2407
3.783861,37.3942
3.788356,36.5735
3.789291,35.8599
3.792627,35.1278
3.796484,34.3443
3.798633,33.6664
3.802572,33.0002
3.804987,32.2975
3.807493,31.7149
3.817918,31.1914
3.818999,30.2077
3.819925,29.7854
3.823060,29.2164
3.826774,28.6182
3.829709,28.0155
3.832166,27.3932
3.834733,27.2336
3.836732,25.9009
3.840398,25.6995
3.843045,25.0072
3.846961,23.7197
3.850100,23.0237
3.853855,22.3624
3.855059,21.6895
3.859368,21.0776
3.861775,20.5532
3.864346,20.0301
3.867833,19.6160
3.870446,19.2404
3.874693,18.9136
3.875858,18.9914
3.879020,18.2880
3.885797,18.0899
3.888212,17.3727
3.893066,17.0604
3.898833,16.3733
3.901242,16.0680
3.904031,15.7307
3.906008,15.4294
3.909803,15.1580
3.919647,14.4471
3.925064,14.1386
3.927211,14.0295
3.930708,13.9741
3.933594,13.9353
3.935867,13.8786
3.938618,13.8677
3.941780,13.8909
3.946983,13.8984
3.948208,14.0736
3.950560,14.1489
3.954891,14.0781
3.963155,14.3353
3.965960,14.2709
3.968386,14.2853
3.971343,14.2724
3.974774,14.1818
3.977015,14.1428
3.980907,13.9884
3.983665,13.7918
3.987211,13.4392
3.990174,13.1730
3.993803,13.0152
3.995660,12.7126
3.999290,12.5666
4.002252,12.1040
4.004347,11.8150
4.007940,11.5081
4.010718,11.4245
4.023459,10.7567
4.025931,10.7588
4.029079,10.2661
4.030270,10.1843
4.034395,10.0180
4.040504,9.9698
4.043397,10.0596
4.046459,10.0558
4.049324,10.0590
4.051741,10.0714
4.055289,10.0454
4.059110,10.0766
4.061145,10.1430
4.063793,10.1725
4.067618,10.1953
4.069784,10.1887
4.073546,10.1137
4.076381,10.1066
4.079435,10.0358
4.082013,9.9468
4.085490,9.7548
4.088007,9.6971
4.091813,9.4645
4.094468,9.3911
4.096387,9.2310
4.102744,8.9535
4.103952,8.8934
4.105102,8.7086
4.109737,8.5283
4.111702,8.3731
4.120675,8.2197
4.126000,7.9237
4.128899,7.7904
4.130585,7.8849
4.132878,7.9860
4.136901,7.9235
4.137999,7.9576
4.141062,8.0023
4.145870,8.0433
4.147650,8.0643
4.149666,8.0839
4.152867,8.0950
4.159018,8.1167
4.162260,8.0998
4.165311,8.0421
4.168314,7.9725
4.171814,7.8853
4.173823,7.7754
4.178880,7.6599
4.181220,7.5453
4.183486,7.4012
4.186660,7.2364
4.188702,7.0855
4.193893,6.9111
4.195971,6.7424
4.198072,6.5797
4.200673,6.4155
4.203826,6.2523
4.207162,6.0954
4.210803,5.9703
4.212846,5.8573
4.228741,5.6852
4.230320,5.7420
4.232345,5.7390
4.234577,5.8268
4.236947,5.9609
4.240274,6.0869
4.243250,6.2016
4.246481,6.3225
4.250057,6.4176
4.252221,6.5146
4.255817,6.6120
4.258926,6.6733
4.262064,6.7226
4.265214,6.7612
4.268291,6.7903
4.272809,6.8194
4.275081,6.8277
4.279392,6.8450
4.280382,6.8178
4.283536,6.8112
4.285521,6.7761
4.289929,6.7690
4.292529,6.7507
4.295742,6.7293
4.297785,6.7148
4.301029,6.7036
4.304219,6.6916
4.307769,6.6759
4.310130,6.6519
4.313157,6.6581
4.316502,6.6365
4.331524,6.6437
4.332489,6.6149
4.333492,6.6044
4.335528,6.6066
4.339697,6.6282
4.341691,6.6184
4.347284,6.6604
4.348301,6.6424
4.350604,6.6460
4.354752,6.6958
4.357102,6.7002
4.360604,6.6978
4.363248,6.6879
4.365382,6.6479
4.368408,6.6207
4.371558,6.5867
4.375676,6.5555
4.380044,6.5000
4.381784,6.4311
4.384107,6.3600
4.387633,6.2939
4.389620,6.2501
4.394051,6.1895
4.396387,6.1355
4.399323,6.0627
4.402401,6.0082
4.406427,5.9768
4.408570,5.9594
4.413725,5.9924
4.418232,6.0487
4.421661,6.1008
4.427371,6.1625
4.430847,6.2173
4.431869,6.3442
4.432792,6.4396
4.436626,6.5428
4.438607,6.6462
4.442522,6.7616
4.446027,6.8582
4.448459,6.9331
4.450451,7.0040
4.453605,7.0505
4.456855,7.0879
4.460167,7.1029
4.462483,7.0916
4.465830,7.0701
4.469002,7.0442
4.472062,6.9923
4.475432,6.9435
4.478455,6.8813
4.483987,6.8089
4.485292,6.7452
4.487655,6.6766
4.490787,6.6098
4.494186,6.5584
4.496586,6.5212
4.499139,6.5045
4.502795,6.5038
4.506002,6.5338
4.509046,6.5703
4.512385,6.6493
4.514357,6.7386
4.517513,6.8480
4.519542,6.9777
4.523943,7.1233
4.529089,7.1881
4.536226,7.6233
4.537222,7.7880
4.538270,8.0060
4.541607,8.2773
4.544156,8.5630
4.549473,8.8443
4.551603,9.1638
4.555981,9.5069
4.558164,9.6406
4.563281,10.3159
4.564295,10.3848
4.565221,10.4032
4.569378,10.8302
4.571358,11.0511
4.574441,11.2377
4.578549,11.4203
4.580596,11.6063
4.584212,11.7843
4.587272,11.9517
4.589529,12.1233
4.592563,12.2692
4.596820,12.4105
4.600120,12.5401
4.603418,12.7084
4.605713,12.8637
4.609029,13.0328
4.612035,13.2401
4.615347,13.4332
4.617683,13.6870
4.620925,13.9736
4.624173,14.2804
4.626716,14.6188
4.632008,14.9684
4.637291,16.2397
4.641488,16.7592
4.646169,17.2956
4.647220,17.8637
4.651473,18.0740
4.654661,19.0379
4.656806,19.2555
4.659232,19.8376
4.661354,20.5192
4.666056,21.6240
4.669123,21.7897
4.671338,22.3549
4.675015,23.5426
4.679488,24.1154
4.685064,25.7646
4.687395,25.8305
4.689502,26.4078
4.696554,27.4004
4.697570,27.4242
4.698528,27.9545
4.701580,28.4328
4.705255,28.9423
4.708622,29.4123
4.712890,29.9329
4.714304,30.3765
4.718322,30.8799
4.720609,31.3984
4.723644,31.8651
4.726737,32.3308
4.737739,34.1269
4.739633,34.0940
4.740628,34.5347
4.744190,35.0177
4.746171,35.4589
4.749238,35.9441
4.753638,36.3728
4.755746,36.8027
4.758850,37.2850
4.763172,37.7221
4.765583,38.1203
4.768766,38.6054
4.770016,39.0867
4.773194,39.5349
4.777266,39.9754
4.781601,40.8903
4.783723,40.8925
4.785765,41.3191
4.789013,41.7771
4.791279,42.1897
4.795920,42.6367
4.797960,42.6228
4.801137,42.6060
4.804488,42.5876
4.806490,42.5695
4.810773,43.4399
4.812745,43.4215
4.816304,43.4050
4.818449,43.3812
4.821716,46.1621
4.824992,46.5347
4.828372,46.8901
4.831646,47.2768
4.840130,47.6580
4.841165,47.6245
4.843619,48.7369
4.845611,49.1525
4.848877,49.6805
4.851409,50.0995
4.854716,50.5236
4.858093,50.9993
4.861173,51.4146
4.863306,51.3926
4.867174,52.2085
4.870265,52.6838
4.872488,53.0720
4.875579,53.4763
4.879389,53.8980
4.881440,54.2584
4.884878,54.6643
4.888121,55.0270
4.891223,55.4401
4.893643,55.8098
4.897291,56.1866
4.912420,57.7599
4.913453,57.7789
4.931507,60.3374
4.934451,60.3799
4.943006,62.6511
4.944033,62.7418
4.947082,63.1551
4.948106,63.2024
4.951392,64.0966
4.954484,64.5546
4.956908,64.5988
4.960059,65.0806
4.963125,65.9068
4.966336,66.3769
4.969649,66.8930
4.971629,67.3754
4.975971,67.8705
4.978946,68.4035
4.981090,68.8767
4.985245,69.3629
4.987429,69.9014
4.989619,70.3602
4.993942,70.8438
4.996011,71.3030
4.999366,71.3527
5.001929,71.4083
5.007151,73.1909
5.008173,73.2338
5.013677,74.1370
5.014578,74.1775
5.018380,74.7397
5.019223,75.1859
5.023568,75.6716
5.026701,76.1469
5.030233,76.6841
5.032448,77.1361
5.034478,77.6563
5.047021,79.4241
5.048107,79.4780
5.050326,79.9547
5.053914,80.8377
5.056106,80.8466
5.058661,81.3543
5.062917,81.8157
5.065077,82.2424
5.069042,82.7399
5.070439,83.1899
5.073578,83.6736
5.076157,84.1175
5.079259,84.5965
5.082269,85.0425
5.086391,85.4918
5.088547,85.9857
5.091611,86.4818
5.097056,87.4490
5.098162,87.4470
5.100136,87.9132
5.105656,88.8767
5.106681,88.8735
5.109698,89.3453
5.112804,89.8129
5.116383,90.3076
5.119475,90.8435
5.121882,91.2884
5.125310,91.7590
5.128418,92.2750
5.130428,92.7620
5.133526,93.2469
5.136762,93.7962
5.152050,96.1867
5.154289,96.6507
5.157562,97.1798
5.160828,97.6358
5.162803,98.1065
5.166314,98.6194
5.169439,99.1007
5.172692,99.5796
5.176153,100.0436
5.180549,100.9710
5.181584,100.9733
5.185483,101.9482
5.186425,101.9475
5.189522,102.3782
5.193594,102.8077
5.196526,103.2708
5.198582,103.6915
5.202179,104.0951
5.204717,104.4934
5.208311,104.9360
5.210358,104.9225
5.213791,105.3137
5.217455,105.6935
5.219458,106.1625
5.223745,106.9238
5.225732,107.3226
5.229828,107.6852
5.232312,108.0475
5.235385,108.4329
5.240679,108.7729
5.250452,110.0141
5.252130,110.1034
5.257033,110.4347
5.264671,111.5036
5.266639,111.8837
5.270645,112.5480
5.274820,112.9165
5.276761,113.3001
5.280428,113.4895
5.283699,113.8874
5.286325,114.3031
5.288974,114.7495
5.293353,115.3988
5.294452,115.5500
5.298942,116.1996
5.301328,116.5643
5.303993,116.8950
5.307527,117.1952
5.310545,117.4780
5.315139,117.7185
5.316155,117.7796
5.318484,118.0124
5.322162,118.2056
5.324836,118.3742
5.331316,118.6393
5.335230,118.7787
5.336464,118.7949
5.340326,118.8249
5.343036,118.8131
5.358928,118.7251
5.361804,118.6856
5.364219,118.6582
5.365447,118.6373
5.369786,118.6083
5.373542,118.5129
5.377624,118.4918
5.378532,118.5682
5.381512,118.5700
5.384468,118.5500
5.386416,118.5001
5.390468,118.4678
5.392881,118.4394
5.397577,118.4041
5.398567,118.3659
5.402210,118.3046
5.404984,118.2317
5.407583,118.1274
5.410280,118.0328
5.414828,117.8282
5.417977,117.8207
5.419533,117.5411
5.423407,117.5141
5.424433,117.4978
5.428130,117.3522
5.434485,116.9299
5.437380,116.9012
5.441304,116.5768
5.443249,116.4045
5.455029,116.2050
5.458487,115.5289
5.461108,115.3728
5.464541,115.1868
5.467496,114.9970
5.470253,114.7854
5.473359,114.5603
5.475975,114.5269
5.478689,114.2633
5.481616,114.0317
5.484946,113.5883
5.486990,113.5462
5.491150,113.3135
5.493764,113.0777
5.498190,112.6458
5.498865,112.6099
5.502549,112.2070
5.508816,111.8932
5.511686,111.6466
5.515569,111.1482
5.516735,111.0899
5.520665,110.7849
5.523310,110.4781
5.527115,110.1037
5.530174,109.7742
5.531150,109.4404
5.535453,109.0301
5.539303,108.6678
5.542193,108.3034
5.544525,107.9188
5.548310,107.5265
5.561618,104.9763
5.564519,104.9032
5.566960,104.3232
5.570948,103.2437
5.573441,103.1447
5.575781,102.4820
5.580361,101.8683
5.581531,101.2876
5.586554,100.5477
5.587532,99.9314
5.591397,99.3066
5.594233,98.6282
5.598169,98.0161
5.601089,97.4212
5.604404,96.2598
5.606562,96.1347
5.610783,95.5321
5.615149,94.4332
5.616761,93.8564
5.619886,93.2753
5.622471,92.7054
5.625395,92.6761
5.630537,91.5234
5.631951,91.5225
5.634603,90.3572
5.638245,89.8471
5.641068,89.3158
5.643959,88.7199
5.647847,88.1908
5.649300,88.1683
5.660157,85.2427
5.664423,85.0146
5.666987,84.1633
5.669966,82.6320
5.672876,82.5536
5.676746,81.1589
5.681200,80.5307
5.682906,79.8771
5.685907,79.3014
5.688795,79.2566
5.691296,78.7332
5.694017,78.2217
5.698192,77.6579
5.701090,76.6443
5.703657,76.1034
5.706106,75.6404
5.710087,75.1661
5.714103,74.6416
5.716096,74.1802
5.717333,74.2158
5.722159,73.2376
5.725034,72.6785
5.728301,72.1344
5.731118,71.5727
5.733532,70.9527
5.736390,70.3913
5.740165,69.8199
5.741942,69.7569
5.746381,68.6553
5.747362,68.5805
5.752097,67.4459
5.759110,67.3492
5.761607,64.5075
5.764105,64.4055
5.765052,64.2946
5.766268,64.1849
5.770081,63.3666
5.772919,62.5510
5.775440,61.8000
5.781678,60.2335
5.784018,59.4454
5.787010,58.7492
5.789968,58.0663
5.794387,57.3831
5.797252,57.2795
5.799941,56.2221
5.802399,55.5807
5.805521,55.0507
5.808293,54.5359
5.812375,54.0617
5.815159,53.5682
5.818055,53.1553
5.820142,53.2132
5.823110,52.3689
5.826891,52.0009
5.831227,51.6281
5.832384,51.1864
5.836284,50.7577
5.838991,50.7429
5.841567,49.3693
5.845559,49.3223
5.848466,48.7898
5.849705,48.7279
5.854569,47.7147
5.866300,46.9533
5.868843,45.1624
5.871524,44.6268
5.874329,44.0741
5.876774,43.5819
5.882102,42.9931
5.885937,42.0338
5.887633,41.9658
5.892456,41.0609
5.895530,40.5286
5.898197,40.0819
5.899340,40.0879
5.903634,39.2339
5.906514,39.2692
5.909292,38.9055
5.914015,38.1557
5.915177,38.2173
5.917972,37.5539
5.921733,37.2373
5.924611,36.9376
5.929478,36.6406
5.930693,36.7091
5.933515,36.4235
5.936204,36.0302
5.940263,35.1923
5.943459,34.7561
5.947562,34.3613
5.950247,33.9488
5.951773,33.9081
5.955554,33.4167
5.972189,30.9587
5.973198,30.5436
5.977124,30.1498
5.981095,29.7702
5.982262,29.3657
5.986661,28.9951
5.989224,28.6730
5.991453,28.6467
5.995325,27.9758
6.007593,26.5443
6.011165,26.1263
6.015697,25.2185
6.019046,24.7231
6.022112,24.2247
6.024105,23.7700
6.027914,23.2965
6.030422,22.8504
6.034184,22.3879
6.037324,21.9399
6.039831,21.5456
6.043686,21.1493
6.048167,20.7686
6.049362,20.4493
6.052105,20.0843
6.055804,19.8254
6.058732,19.5930
6.066500,18.6239
6.073313,19.1936
6.075616,19.2225
6.079102,19.2314
6.083187,19.0691
6.085878,19.0679
6.089363,19.0875
6.092227,19.1975
6.095074,19.1541
6.097496,19.1035
6.102434,18.9154
6.107490,18.7949
6.108539,18.6537
6.112207,18.4842
6.115704,18.3052
6.118446,18.1181
6.121538,17.9136
6.124407,17.7138
6.126613,17.4962
6.130928,17.2881
6.134705,17.0705
6.135727,16.8604
6.139402,16.6174
6.141680,16.3942
6.144784,16.1850
6.148728,15.9626
6.150927,15.7279
6.155229,15.3662
6.159018,15.1564
6.161916,15.1103
6.172885,14.1853
6.174820,14.1643
6.181324,13.9921
6.182245,13.7831
6.184708,13.5563
6.187604,13.3196
6.190433,13.1093
6.193029,12.8764
6.198163,12.5561
6.199873,12.5719
6.202287,12.4569
6.205031,12.3980
6.207665,12.3590
6.212224,12.3595
6.215095,12.3495
6.216329,12.3453
6.221528,12.3058
6.224082,12.3104
6.226789,12.3461
6.230443,12.2990
6.234567,12.2819
6.235765,12.2994
6.238431,12.2577
6.240710,12.2096
6.246204,12.1323
6.249013,12.0115
6.251652,11.9644
6.254312,11.8575
6.263776,11.5796
6.264831,11.4280
6.266509,11.3533
6.273338,11.2075
6.275756,10.8519
6.280830,10.5860
6.282759,10.5015
6.284410,10.3388
6.286688,10.1634
6.289299,9.9889
6.292895,9.8194
6.295742,9.7721
6.299227,9.6221
6.302809,9.3696
6.305391,9.2555
6.307774,9.1459
6.310601,9.1609
6.314932,8.9635
6.317176,9.0008
6.320183,8.8160
6.321983,8.8726
6.325684,8.7597
6.328945,8.8147
6.331065,8.7826
6.334218,8.8186
6.337345,8.8817
6.340379,8.9510
6.343613,9.0142
6.346656,9.0602
6.348929,9.0749
6.352148,9.0969
6.355155,9.0769
6.359095,9.0458
6.361344,8.9778
6.364254,8.8887
6.367373,8.8097
6.384303,8.0566
6.388540,7.7406
6.391686,7.5797
6.394973,7.3378
6.397682,7.2868
6.400702,7.1587
6.403053,7.0531
6.406194,6.9670
6.409366,6.9075
6.412590,6.8765
6.416078,6.8857
6.418584,6.9053
6.421052,6.9470
6.424484,6.9935
6.428333,7.0283
6.430821,7.0648
6.433264,7.1116
6.436507,7.1544
6.439494,7.1887
6.442963,7.2171
6.445040,7.2272
6.450521,7.2030
6.451555,7.1953
6.454691,7.1487
6.458320,7.0945
6.460480,7.0302
6.464643,6.9133
6.466716,6.8588
6.470009,6.7579
6.475204,6.5626
6.478390,6.4987
6.485094,6.2288
6.487022,6.1245
6.490099,6.0248
6.493491,5.9408
6.498331,5.7856
6.499352,5.7771
6.502444,5.7258
6.504486,5.7065
6.508138,5.7080
6.510210,5.7208
6.514997,5.7623
6.517490,5.8170
6.520068,5.8842
6.522750,5.9682
6.525734,6.0748
6.528791,6.1529
6.532025,6.2395
6.534101,6.3154
6.539630,6.3926
6.540593,6.4093
6.543650,6.4311
6.546757,6.4239
6.549801,6.4067
6.553121,6.3665
6.555146,6.3077
6.563724,6.1811
6.566041,6.0908
6.567980,5.9927
6.571226,5.9110
6.580476,5.8261
6.581466,5.6643
6.582494,5.5958
6.585566,5.5080
6.589456,5.4323
6.592941,5.3201
6.596009,5.2658
6.598062,5.2595
6.600365,5.2256
6.603557,5.2110
6.608766,5.2354
6.609818,5.2707
6.614932,5.3304
6.616058,5.3935
6.619995,5.4861
6.622328,5.5859
6.625464,5.6990
6.629784,5.8193
6.631279,5.9218
6.634152,6.0346
6.637809,6.1198
6.640845,6.2001
6.644207,6.2590
6.647434,6.2988
6.649483,6.3354
6.653615,6.3494
6.654586,6.3048
6.659141,6.3516
6.661087,6.3384
6.665798,6.3148
6.667989,6.2965
6.669955,6.2580
6.674146,6.2240
6.684106,6.0791
6.689661,5.9973
6.691865,5.9416
6.693883,5.9099
6.697514,5.8816
6.700071,5.8651
6.704366,5.8652
6.707496,5.8839
6.710829,5.9307
6.713884,5.9920
6.714902,6.0372
6.717941,6.1267
6.721363,6.2345
6.724874,6.3550
6.727958,6.4901
6.729947,6.6489
6.734769,6.7977
6.737094,6.9732
6.740226,7.2731
6.743498,7.3686
6.745632,7.5681
6.749242,7.9087
6.752437,8.1655
6.755303,8.2539
6.758779,8.5137
6.761095,8.7615
6.764717,9.0119
6.767119,9.2608
6.770250,9.5560
6.772539,9.8557
6.775499,10.1467
6.782484,10.9326
6.786887,11.3289
6.788431,11.3821
6.791822,11.7724
6.795043,12.0879
6.798538,12.7706
6.799348,12.8092
6.803963,13.1502
6.807140,13.4899
6.810218,14.1853
6.812225,14.2057
6.815948,14.9116
6.819400,15.2755
6.821447,15.2959
6.824612,16.0181
6.826999,16.0337
6.830568,16.8087
6.832850,16.8132
6.836008,17.1896
6.839177,17.6088
6.842877,17.9756
6.846079,18.3424
6.848230,18.7492
6.851110,19.1075
6.854516,19.4687
6.857627,19.8888
6.860624,20.2596
6.865286,20.6189
6.866542,20.9561
6.869805,21.3661
6.876088,22.0842
6.879862,22.5191
6.893074,24.4006
6.894064,24.2896
6.898852,25.0867
6.902503,25.4556
6.904514,25.8063
6.907985,26.2008
6.911683,26.6035
6.914943,26.9539
6.917039,26.8921
6.919674,27.2764
6.922116,27.6720
6.926172,28.5788
6.930177,29.0330
6.931157,28.9881
6.934643,29.8485
6.938161,30.3275
6.940743,30.7640
6.943532,31.2183
6.947968,31.6912
6.952093,32.1209
6.954195,32.5801
6.956959,33.0859
6.959206,33.5608
6.962463,34.0266
6.965508,34.5020
6.969134,34.9573
6.971339,35.4184
6.973663,35.4237
6.978172,35.8958
6.990173,37.2836
6.991223,38.2026
6.992484,38.5901
6.994769,39.1285
6.998382,39.5363
7.000950,39.9665
7.003923,40.3952
7.005843,40.4227
7.009327,41.3317
7.013951,41.7946
7.020193,42.7902
7.022394,43.2529
7.025364,43.8501
7.028407,43.9412
7.031248,44.9477
7.034824,45.4292
7.037362,46.1076
7.039877,46.6782
7.043205,47.2961
7.045939,47.4234
7.050663,48.5792
7.051912,49.2164
7.055064,49.8785
7.057928,50.5506
7.062053,51.2013
7.064693,51.9325
7.066441,52.0415
7.073044,53.1070
7.074254,53.6325
7.075427,53.7059
7.080378,54.7917
7.081613,54.8446
7.096394,57.6546
7.098536,57.6789
7.099506,57.7040
7.103274,58.6394
7.109601,59.6657
7.112074,60.1616
7.115110,60.7891
7.118323,61.3266
7.121695,61.8592
7.124767,62.3844
7.126724,62.9637
7.130879,63.4963
7.134133,64.0259
7.136214,64.6032
7.139780,65.1327
7.141743,65.6637
7.146087,66.2531
7.148493,66.7924
7.151268,67.3356
7.154999,67.9126
7.156980,68.4419
7.160302,68.9624
7.164421,69.4899
7.168179,70.0595
7.171152,70.5630
7.173930,71.0633
7.176441,71.6066
7.180577,72.0664
7.184198,73.0211
7.185458,73.0524
7.198877,75.2379
7.200574,75.2678
7.203331,75.7711
7.206167,76.2915
7.209210,76.7681
7.210940,77.2401
7.213954,77.7502
7.217216,78.1975
7.220967,78.6563
7.224401,79.1170
7.226184,79.6253
7.229261,80.0876
7.233136,80.5574
7.237228,81.4973
7.238310,81.5356
7.241608,81.9906
7.244564,82.4831
7.248974,82.9269
7.251835,83.7318
7.254627,83.7726
7.256404,84.2274
7.259747,84.6356
7.264686,85.4690
7.265708,85.5110
7.268569,85.9232
7.271914,86.3350
7.276426,86.7724
7.279061,87.1614
7.283192,87.5511
7.289075,88.6148
7.298717,89.8587
7.301068,89.9327
7.302193,89.9543
7.305064,90.3034
7.309013,90.8653
7.311405,90.8819
7.315837,91.4417
7.316939,91.4623
7.320782,91.7561
7.323681,92.0590
7.326331,92.4136
7.330199,93.0794
7.333666,93.4558
7.335638,93.7950
7.336969,93.7986
7.340481,94.1272
7.345316,94.8235
7.349917,95.1623
7.351207,95.4975
7.352137,95.4708
7.356087,95.8320
7.358530,95.7939
7.363058,96.4869
7.365888,96.8883
7.369510,97.5957
7.370723,97.5737
7.373127,97.9455
7.376613,98.2907
7.382679,98.6478
7.383625,99.0389
7.387426,99.4632
7.389114,99.8634
7.391935,99.9086
7.405902,102.2493
7.410429,102.6396
7.416929,103.3623
7.418649,103.6961
7.421792,103.6959
7.424106,104.6619
7.427174,104.6604
7.432168,105.3932
7.433191,105.3897
7.436385,105.7933
7.439602,106.1529
7.442207,106.5167
7.446331,106.9275
7.450471,107.6151
7.451572,107.6216
7.454510,108.0287
7.459088,108.7071
7.461614,108.7106
7.465181,109.4572
7.467267,109.7832
7.470409,109.7885
7.472438,110.1024
7.476409,110.4384
7.479873,111.0176
7.482757,111.3258
7.485315,111.6002
7.487728,111.6073
7.491550,111.8748
7.494184,112.1839
7.508142,112.8204
7.509903,113.7903
7.510926,113.8437
7.515730,114.4535
7.517674,114.7550
7.520753,115.0765
7.524782,115.3661
7.525705,115.4020
7.529385,115.9189
7.534210,116.1957
7.535275,116.2328
7.539068,116.4978
7.541615,116.9686
7.544729,117.2293
7.548253,117.5008
7.550219,117.5534
7.553946,117.8435
7.556554,118.0845
7.560591,118.4957
7.569072,118.9440
7.572349,119.2628
7.575886,119.4391
7.577075,119.4813
7.582450,119.7759
7.583520,119.8078
7.586161,119.9480
7.591604,120.1663
7.593573,120.1809
7.594753,120.2960
7.601925,120.4197
7.604321,120.4378
7.609484,120.5451
7.610668,120.5728
7.618267,120.4517
7.619651,120.4668
7.622786,120.3846
7.626022,120.3203
7.628106,120.3055
7.632775,120.1567
7.635197,120.0718
7.637265,120.0510
7.640868,119.9597
7.643984,119.8498
7.647136,119.7346
7.650739,119.4976
7.652871,119.4760
7.656015,119.3072
7.659168,119.1596
7.661255,119.0126
7.665456,118.7115
7.667543,118.7147
7.670715,118.5654
7.673711,118.4046
7.677314,118.0936
7.683905,117.7511
7.684938,117.7424
7.688260,117.5660
7.694185,117.2049
7.695219,117.1993
7.698229,117.0294
7.706945,116.6751
7.707973,116.6966
7.709089,116.7169
7.713328,115.9681
7.715294,115.9891
7.718402,115.8174
7.721699,115.6506
7.725155,115.2906
7.727271,115.2990
7.731719,114.9676
7.734138,114.8115
7.737212,114.6462
7.739192,114.6407
7.743416,114.2868
7.746607,114.1191
7.749700,113.9644
7.751676,113.9706
7.756006,113.6745
7.757320,113.7237
7.760589,113.6302
7.764030,113.3685
7.767072,113.2414
7.770362,113.0848
7.772695,113.0861
7.775644,112.9361
7.781370,112.5812
7.784448,112.3458
7.787713,112.1289
7.789756,111.9223
7.792792,111.6927
7.796313,111.5041
7.799471,111.3320
7.815515,110.5028
7.816496,110.5455
7.818488,110.4741
7.822270,110.4244
7.826217,110.4061
7.828296,110.4019
7.833183,110.3885
7.834840,110.4450
7.838013,110.3784
7.841229,110.3489
7.844545,110.3271
7.846926,110.3047
7.850250,110.2803
7.852680,110.2488
7.856062,110.2306
7.858545,110.2064
7.862045,110.1835
7.865606,110.1655
7.868079,110.1441
7.870736,110.1131
7.874448,110.0748
7.876697,109.9987
7.880549,109.9043
7.882696,109.8078
7.885925,109.7078
7.888702,109.6151
7.891895,109.5068
7.899069,109.2818
7.901511,109.1386
7.903717,108.9903
7.916034,108.4889
7.918174,108.3486
7.922038,108.2018
7.924959,108.0569
7.927106,107.8949
7.931714,107.7094
7.933880,107.5395
7.937548,107.3480
7.940587,107.1253
7.943282,106.9190
7.945327,106.6704
7.949219,106.4516
7.951253,106.1987
7.955051,105.9605
7.958542,105.7041
7.966226,105.0794
7.968419,104.7878
7.972314,104.0109
7.973514,103.9821
7.976288,103.4783
7.980102,102.9226
7.983762,102.2707
7.985848,101.7043
7.988432,101.0976
7.991350,100.4141
7.994799,99.7538
7.999394,99.0853
8.000983,98.4161
8.004415,97.8342
8.006588,97.7851
8.018028,95.3470
8.019078,95.3250
8.022555,94.0449
8.023297,94.0412
8.027943,93.4501
8.030448,92.8060
8.033583,92.2315
8.037109,91.1184
8.039560,91.1387
8.042206,90.5272
8.045150,89.9710
8.049470,89.4039
8.051991,88.8310
8.053712,88.2376
8.057749,87.6842
8.061499,87.0529
8.066484,85.8717
8.068093,85.3142
8.069335,85.2938
8.073078,84.6296
8.075792,84.0179
8.078401,83.4202
8.083301,82.1048
8.084809,82.0213
8.092022,79.5468
8.093236,79.4287
8.099718,77.6625
8.103558,76.8664
8.107224,75.3909
8.108436,75.2793
8.120601,72.6541
8.121757,72.5666
8.123407,72.0007
8.125641,71.3179
8.129958,70.6622
8.132303,70.0926
8.134591,69.5501
8.138246,69.0161
8.143447,67.8981
8.146015,67.4119
8.147023,67.4773
8.150587,66.9667
8.153458,66.4865
8.157498,65.4196
8.160015,64.9363
8.163166,64.9556
8.166786,63.9346
8.168862,63.9133
8.172314,63.2949
8.174306,62.7360
8.176980,62.1093
8.180460,61.4019
8.186486,60.1095
8.188687,59.3394
8.189745,59.2047
8.193403,57.7327
8.197425,56.9522
8.199928,56.8072
8.203795,56.0808
8.205032,55.3796
8.207467,54.7016
8.216752,53.9023
8.222927,51.1718
8.225291,50.4812
8.228797,49.8233
8.233309,49.2033
8.234503,48.6286
8.238451,48.0024
8.239675,47.9518
8.243318,46.8328
8.246248,46.2905
8.249882,45.6953
8.252312,45.1665
8.254899,44.6298
8.257757,44.5709
8.260610,43.9718
8.264139,42.9306
8.268203,42.3934
8.270470,41.7597
8.273601,41.2033
8.276114,40.6104
8.279597,39.9717
8.286556,38.7951
8.289251,38.1221
8.291655,37.5335
8.294602,36.9212
8.298763,36.2888
8.299913,36.1728
8.304792,35.1170
8.307260,34.5461
8.309917,33.9237
8.314057,33.3589
8.322862,31.6536
8.324066,31.4346
8.325322,31.3375
8.327886,30.7950
8.332015,30.3667
8.334358,29.9943
8.336973,29.6177
8.340773,29.2382
8.343718,28.9297
8.356112,27.7465
8.357208,27.8214
8.358671,27.5735
8.361573,27.3481
8.364611,27.4261
8.367471,26.8935
8.369997,26.6282
8.372514,26.3616
8.376163,26.1116
8.380171,25.8159
8.382435,25.5738
8.385049,25.3529
8.387921,25.1271
8.391845,24.9765
8.394777,24.8564
8.397664,24.6713
8.400479,24.4606
8.407105,24.1184
8.409542,23.9158
8.412422,23.7452
8.416442,23.5767
8.423457,23.4172
8.426460,22.9412
8.427697,23.0290
8.430001,22.8961
8.432647,22.8012
8.435615,22.7165
8.438377,22.6435
8.442356,22.3911
8.445230,22.4936
8.448986,22.3738
8.451410,22.2394
8.455135,21.8722
8.456272,21.8519
8.459196,21.6058
8.462486,21.3655
8.468522,20.9129
8.469764,20.6164
8.472494,20.4980
8.475637,20.2053
8.480088,19.6947
8.482699,19.3758
8.485799,19.0527
8.487039,18.9571
8.491059,18.5773
8.493421,17.9296
8.496806,17.8446
8.501317,17.2632
8.502318,17.1988
8.505516,16.9342
8.508609,16.7023
8.512740,16.4984
8.515851,16.1670
8.517865,16.1556
8.531529,15.5417
8.533532,15.2307
8.535881,14.9943
8.537933,14.7863
8.542077,14.5837
8.544134,14.3993
8.547243,14.3808
8.551348,14.0606
8.553771,13.9328
8.556389,13.8125
8.558455,13.7472
8.562906,13.7264
8.566073,13.7009
8.567004,13.8563
8.572216,13.8335
8.574267,13.9732
8.576810,14.1215
8.582091,14.3418
8.583103,14.5178
8.586641,14.7069
8.589580,14.8763
8.593599,14.9841
8.601382,15.0527
8.604858,15.0136
8.608484,14.9528
8.611498,14.8824
8.614040,14.8241
8.617325,14.7229
8.619452,14.6586
8.629496,14.3147
8.632792,14.1157
8.633779,14.0032
8.637422,13.7833
8.640542,13.6145
8.644733,13.4436
8.646982,13.2960
8.648977,13.1478
8.652196,13.0182
8.655366,12.8962
8.658869,12.8057
8.660824,12.7673
8.665344,12.6802
8.667576,12.6586
8.670598,12.6735
8.673684,12.7154
8.676748,12.7684
8.679957,12.8300
8.686316,13.0082
8.688445,13.1098
8.691521,13.2151
8.693515,13.3193
8.699797,13.4327
8.701263,13.5158
8.704366,13.6237
8.706376,13.6608
8.709910,13.7270
8.713625,13.8162
8.716634,13.7971
8.718807,13.8124
8.722922,13.8255
8.732085,13.7760
8.733102,13.5194
8.736167,13.3853
8.739222,13.1859
8.742329,13.1055
8.745641,12.8823
8.748660,12.8171
8.751822,12.6905
8.755327,12.5028
8.757320,12.4578
8.760529,12.3642
8.763620,12.2788
8.766906,12.1543
8.770261,12.1252
8.773337,12.1282
8.775721,12.1833
8.778787,12.2155
8.783299,12.2548
8.785610,12.3227
8.788046,12.3899
8.791087,12.4395
8.794377,12.4936
8.797453,12.5385
8.799516,12.5569
8.807136,12.5905
8.809464,12.5618
8.811477,12.5475
8.814547,12.5195
8.817643,12.4894
8.820840,12.4319
8.823156,12.3610
8.833327,12.2122
8.834921,11.9582
8.839388,11.7783
8.840393,11.7059
8.843527,11.5943
8.849353,11.4376
8.850356,11.3922
8.852429,11.3001
8.856064,11.1993
8.859441,11.1251
8.861490,11.0595
8.866168,10.9899
8.868488,10.9408
8.870609,10.8996
8.874178,10.8642
8.877728,10.8318
8.880314,10.8226
8.883347,10.8196
8.885614,10.8157
8.889770,10.8178
8.891969,10.8585
8.895026,10.8278
8.899264,10.8677
8.901303,10.8730
8.904499,10.8444
8.906976,10.8846
8.910052,10.9284
8.913124,10.9724
8.918373,11.0134
8.939353,11.6187
8.940377,11.6820
8.943598,11.8240
8.945683,11.9705
8.950256,12.1339
8.951277,12.2845
8.954650,12.4655
8.956745,12.6425
8.961003,12.8186
8.962983,13.0038
8.967320,13.1812
8.969420,13.3685
8.973549,13.5675
8.975507,13.7779
8.979624,14.0186
8.983183,14.2421
8.984117,14.5082
8.987198,14.7878
8.990263,15.0876
8.994051,15.4212
8.996442,15.7555
9.000050,16.1131
9.003099,16.4591
9.006166,16.8718
9.008334,17.2575
9.011430,17.6567
9.015350,18.0982
9.017336,18.4838
9.021952,18.9127
9.023998,19.3344
9.027063,19.7179
9.030860,20.1154
9.035367,20.5347
9.038380,20.6372
9.041452,21.5771
9.044679,21.9961
9.048105,22.3763
9.051196,22.7507
9.054411,23.1503
9.056556,23.5038
9.059840,23.8601
9.061913,24.2479
9.066444,24.5941
9.068508,24.9225
9.072263,25.2531
9.075475,25.6174
9.077590,25.9442
9.084929,26.5529
9.085936,26.5407
9.089271,27.1322
9.092539,27.4525
9.095590,27.7543
9.098738,27.7342
9.103245,28.3377
9.105448,28.6560
9.107522,28.9682
9.110672,29.2202
9.113911,29.5156
9.116900,29.7855
9.118963,29.7539
9.123282,30.4705
9.125271,30.8798
9.128536,31.2768
9.142329,33.3499
9.143399,33.3758
9.147030,33.7981
9.149489,34.3047
9.152563,34.8623
9.155638,35.3473
9.158649,35.8481
9.162055,36.3579
9.165160,36.9325
9.167446,37.4265
9.170887,37.9535
9.172853,38.5057
9.175948,38.9926
9.179040,39.4758
9.182136,39.9693
9.185220,40.4203
9.188272,40.8603
9.191328,41.3022
9.194431,41.7536
9.200607,42.6014
9.203926,43.0458
9.206345,43.4782
9.209437,43.9430
9.212883,44.4538
9.216975,44.9462
9.219292,45.4310
9.222552,45.9754
9.225178,46.4744
9.228370,46.9866
9.231518,47.5182
9.235634,47.5587
9.242888,50.1464
9.246010,50.2006
9.250091,51.2918
9.251103,51.3286
9.256057,52.4523
9.258569,52.9689
9.260472,52.9974
9.263912,53.5745
9.267554,54.0688
9.269501,54.5487
9.272794,55.1307
9.274734,55.5995
9.277788,56.0583
9.283503,56.9940
9.284830,56.9864
9.286962,57.4324
9.291810,58.4063
9.292776,58.4017
9.300941,58.8908
9.303914,59.8921
9.307193,60.4233
9.312555,61.4996
9.316830,61.9964
9.318788,62.5360
9.322936,63.5545
9.323943,63.5786
9.327367,64.0698
9.329884,64.5376
9.333071,65.0506
9.336787,65.5030
9.351509,67.6782
9.353881,68.1722
9.355856,68.6256
9.358940,69.0444
9.362022,69.4937
9.366333,69.9007
9.368350,70.2998
9.372677,70.7507
9.374727,71.1590
9.377802,71.5735
9.380153,71.9849
9.386504,72.8610
9.387581,72.8670
9.389855,73.3149
9.392993,73.8349
9.396122,74.2911
9.401516,75.2397
9.403916,75.7210
9.407451,76.1693
9.409552,76.7155
9.414323,77.1820
9.417807,77.6659
9.420949,78.1548
9.422963,79.2503
9.426040,79.2882
9.429198,79.7572
9.432514,80.2844
9.435792,80.7605
9.439252,81.2345
9.447772,82.1298
9.452899,82.6914
9.456286,84.0062
9.459356,84.4421
9.461898,84.9322
9.465283,84.9524
9.468589,85.3856
9.470807,86.2586
9.474391,86.6748
9.476375,86.6706
9.479872,87.5323
9.482886,87.5214
9.486181,87.9126
9.489599,88.6865
9.491570,88.6691
9.494619,89.0927
9.497717,89.4784
9.502182,90.2565
9.504597,90.6836
9.507661,91.0833
9.513712,91.9075
9.516900,92.7115
9.522308,93.1520
9.525661,93.5638
9.527943,93.9728
9.531125,94.4365
9.535615,94.8316
9.536616,95.2693
9.539607,95.2940
9.552039,96.9941
9.554986,97.4625
9.558287,98.2810
9.560299,98.3173
9.563616,99.2240
9.567304,99.6583
9.568257,99.6850
9.573600,100.5556
9.577952,100.9792
9.578968,101.4441
9.583261,101.8658
9.585776,102.2703
9.588217,102.6758
9.591468,103.1360
9.594566,103.5439
9.598069,103.9459
9.600125,104.3817
9.604702,104.7751
9.606982,105.1437
9.608967,105.5638
9.613402,105.9301
9.616512,106.2980
9.617619,106.6567
9.621741,107.0870
9.624898,107.4668
9.628025,107.8384
9.631243,108.2674
9.633627,108.6581
9.636891,109.0491
9.640183,109.4751
9.642165,109.4855
9.654069,110.1923
9.655321,111.2450
9.657315,111.5881
9.660692,111.9974
9.661643,112.0076
9.665931,112.6858
9.669538,113.0560
9.672706,113.3742
9.674940,113.6662
9.677030,113.6694
9.680372,113.9489
9.683921,114.2039
9.685895,114.4192
9.692824,114.8553
9.695757,115.2551
9.699324,115.4772
9.701375,115.6936
9.706735,115.9228
9.709031,116.1833
9.711261,116.4282
9.715720,116.6646
9.718172,116.8771
9.720110,117.1300
9.723489,117.3434
9.726674,117.5268
9.730460,117.6927
9.733625,117.8354
9.735691,117.9746
9.739299,118.1153
9.741877,118.2288
9.744780,118.3621
9.760456,119.0207
9.761530,119.0704
9.764976,119.2377
9.768050,119.3519
9.772221,119.4353
9.773186,119.4848
9.777664,119.5466
9.780742,119.5533
9.782712,119.5881
9.785849,119.4339
9.790070,119.3755
9.791077,119.4186
9.794551,119.2763
9.796591,119.3295
9.802983,119.2258
9.804097,119.2525
9.807464,119.1347
9.809506,119.1652
9.812567,119.0949
9.814596,118.9976
9.819075,118.7551
9.820047,118.7832
9.824413,118.6747
9.826381,118.5600
9.830709,118.4230
9.833829,118.1544
9.835796,118.1696
9.839349,118.0123
9.842478,117.8667
9.845503,117.7100
9.848598,117.5452
9.867449,116.2444
9.871977,115.5340
9.873141,115.1760
9.880845,114.3920
9.882906,114.0019
9.889088,113.1251
9.892358,112.6998
9.894405,112.2550
9.897997,111.7984
9.901529,111.3810
9.903488,110.9555
9.906553,110.5220
9.909650,110.0292
9.912793,109.5907
9.916424,109.1438
9.918384,108.6831
9.921988,108.2202
9.924518,107.7798
9.928222,107.2461
9.931808,106.7804
9.934314,106.3434
9.937286,105.8882
9.939415,105.4115
9.946120,104.5223
9.949287,104.0366
9.951327,103.6128
9.962236,101.8743
9.967094,101.2623
9.971232,100.1756
9.974516,99.5916
9.977624,98.7597
9.979577,98.6624
9.983997,97.1941
9.986068,97.1027
9.988509,96.2116
9.991499,95.4345
9.996146,94.0883
9.998528,93.4120
10.001675,92.8490
10.003635,92.2778
10.006881,91.6594
10.010195,91.0639
10.013286,90.4625
10.018022,89.8086
10.019291,89.2562
10.021809,88.7030
10.024866,88.1646
10.027149,88.1702
10.030246,87.5726
10.033351,87.0210
10.036420,86.5114
10.039984,85.8472
10.043393,85.2876
10.046529,84.7167
10.050724,83.5551
10.051744,83.5140
10.062517,81.2973
10.063597,81.1384
10.065677,81.0403
10.067711,79.8248
10.070866,79.1742
10.072924,79.0538
10.075338,78.4168
10.078357,77.6418
10.081497,76.9576
10.083591,76.1772
10.086749,75.3584
10.089795,74.3835
10.093137,73.3979
10.096399,72.4386
10.099669,70.5925
10.101718,70.4365
10.104808,69.4436
10.107857,68.4181
10.111337,67.6971
10.114606,67.0394
10.116923,66.4728
10.121349,65.4042
10.124393,64.9030
10.125397,64.9646
10.129569,63.9107
10.136707,62.9020
10.139006,62.4401
10.142159,61.9783
10.144327,62.0554
10.148517,61.5515
10.150835,60.9955
10.153983,59.9816
10.157233,59.9593
10.167024,57.6618
10.168031,57.5193
10.169188,57.4465
10.171129,57.3478
10.174408,56.3721
10.177547,55.7772
10.181838,55.2428
10.183867,54.7191
10.186945,54.1477
10.189257,53.5966
10.192613,53.0338
10.195839,52.3689
10.199249,52.3308
10.201833,51.2003
10.204902,50.5575
10.207269,49.9070
10.210734,49.2424
10.212761,48.5383
10.217246,47.7576
10.219769,47.0699
10.222872,46.4396
10.224795,46.4502
10.227876,45.8135
10.231049,45.2735
10.235307,44.7902
10.237600,44.3328
10.239953,43.8130
10.243032,42.9056
10.247281,42.4141
10.249303,42.4010
10.252715,41.5047
10.255712,41.4488
10.259006,40.8989
10.267439,40.1715
10.270772,38.4429
10.272700,37.8923
10.275813,37.3228
10.278913,36.8068
10.282006,36.6888
10.285352,35.8242
10.287636,35.3476
10.290735,34.9073
10.294895,34.4683
10.296863,33.9983
10.300652,33.5821
10.303811,33.2031
10.305756,32.7405
10.310018,32.3579
10.312336,31.9821
10.315912,31.5917
10.319172,31.2609
10.321217,30.8914
10.323491,30.9527
10.326586,30.6236
10.329977,29.8524
10.334049,29.5300
10.336365,29.1572
10.339871,28.8437
10.341871,28.9434
10.345695,28.2136
10.348877,28.2957
10.352455,27.6287
10.354578,27.6893
10.356570,27.7195
10.360163,26.6839
10.370634,25.5081
10.371613,25.4806
10.373780,25.4564
10.374735,25.4131
10.377962,24.7839
10.381328,24.4728
10.384470,24.1583
10.388025,23.9011
10.389996,23.6645
10.393155,23.4740
10.396671,23.2912
10.398655,23.3924
10.402996,23.3010
10.405017,23.0258
10.408390,23.1942
10.411353,22.9464
10.414437,22.8868
10.419155,22.8260
10.420198,22.9189
10.423370,22.7581
10.426950,22.3159
10.429207,22.2993
10.432563,22.0451
10.434539,21.7540
10.437694,21.4220
10.441257,21.0614
10.444781,20.6707
10.446845,20.2901
10.450967,19.9260
10.454316,19.6030
10.456614,19.2358
10.458681,18.9469
10.463497,18.6575
10.472099,18.3689
10.475141,17.7558
10.476101,17.7445
10.480558,17.5882
10.483583,17.4397
10.486802,17.1552
10.488831,17.1425
10.492368,16.9884
10.495473,16.8321
10.497870,16.6542
10.501331,16.4781
10.504508,16.2923
10.507988,16.0739
10.510060,15.8670
10.513931,15.4259
10.518444,15.1759
10.519523,15.1094
10.522602,14.6491
10.524584,14.5625
10.526648,14.2731
10.529687,14.0021
10.533998,13.7268
10.537170,13.4664
10.539100,13.2108
10.543368,12.9581
10.547461,12.5328
10.550501,12.3425
10.551620,12.3378
10.556120,12.1869
10.559546,11.9139
10.561491,11.9975
10.565894,11.9582
10.574598,12.0521
10.576795,11.8041
10.578763,11.8587
10.581816,12.0018
10.586074,11.9347
10.589547,11.9840
10.592087,12.0168
10.595762,12.0665
10.597819,12.1475
10.601087,12.1150
10.604452,12.0992
10.606440,12.1267
10.609510,12.0244
10.612564,12.0198
10.618168,11.8824
10.619182,11.8503
10.621551,11.7436
10.624747,11.5566
10.627878,11.4319
10.631296,11.3023
10.634602,11.1672
10.637869,11.0357
10.640362,10.9155
10.642417,10.8612
10.646066,10.6694
10.648250,10.6156
10.653578,10.4457
10.657489,10.2711
10.658503,10.2306
10.662070,10.1321
10.663490,10.0862
10.668291,9.9405
10.679937,9.6482
10.682372,9.5854
10.684580,9.5171
10.688812,9.4599
10.690947,9.4201
10.694482,9.3787
10.697800,9.3375
10.701149,9.2976
10.703165,9.2603
10.705322,9.2164
10.709419,9.1689
10.711439,9.1192
10.715937,9.0687
10.718653,9.0181
10.720248,8.9811
10.723328,8.9328
10.726490,8.8592
10.729571,8.8011
10.733669,8.7386
10.735717,8.6803
10.742152,8.5861
10.745600,8.4998
10.748596,8.4455
10.751249,8.3999
10.754329,8.3553
10.757760,8.3114
10.759762,8.2922
10.763074,8.2427
10.766307,8.1632
10.769460,8.1223
10.778915,8.0665
10.786501,7.9471
10.789623,7.9011
10.792843,7.8573
10.796088,7.8188
10.799590,7.7791
10.801627,7.7337
10.805038,7.6824
10.807339,7.6142
10.810819,7.5270
10.813863,7.4452
10.819120,7.3613
10.820242,7.2675
10.824271,7.1679
10.826639,7.0705
10.829727,6.9515
10.832949,6.8418
10.835006,6.7643
10.838402,6.6469
10.841526,6.5554
10.844039,6.4742
10.847119,6.3871
10.851281,6.2919
10.853496,6.2012
10.855915,6.1773
10.859248,6.1261
10.862468,6.0875
10.865890,6.0347
10.868149,6.0547
10.871211,6.0516
10.881096,6.1055
10.883465,5.8732
10.885882,5.6936
10.888848,5.6396
10.890902,5.6790
10.895131,5.5306
10.897448,5.5605
10.900781,5.5404
10.904090,5.4926
10.907256,5.4965
10.910906,5.4985
10.913075,5.4941
10.916038,5.4801
10.919304,5.4638
10.922440,5.4321
10.925586,5.3979
10.927910,5.3501
10.931122,5.2982
10.934500,5.2397
10.936551,5.2077
10.939896,5.1386
10.943325,5.0914
10.945460,5.0875
10.948619,5.0675
10.952196,5.0789
10.955557,5.0945
10.957535,5.1448
10.961448,5.1901
10.964674,5.2209
10.967687,5.2434
10.969734,5.3061
10.974045,5.2680
10.986483,5.5409
10.987378,5.6215
10.990459,5.7362
10.993508,5.8606
10.996804,5.9730
11.000061,6.0824
11.002307,6.1892
11.005332,6.2935
11.008584,6.3958
11.011987,6.6022
11.016265,6.7102
11.018460,6.7087
11.022624,6.8964
11.027420,7.0698
11.029460,7.0374
11.032634,7.1044
11.035822,7.1618
11.038983,7.3126
11.042046,7.3781
11.045139,7.4393
11.049722,7.5145
11.051826,7.6114
11.054896,7.7033
11.057195,7.7013
11.060529,7.9283
11.062534,7.9456
11.068987,8.3085
11.069821,8.3591
11.072313,8.5694
11.075980,8.7814
11.090161,10.1522
11.093292,10.5319
11.096576,10.9376
11.099719,11.3131
11.103021,11.7337
11.105054,12.1697
11.109332,12.6072
11.111578,13.0745
11.114641,13.5430
11.118147,14.0079
11.120452,14.4770
11.123502,14.8877
11.126854,15.2639
11.128884,15.2973
11.132473,15.6498
11.136026,15.9474
11.138528,16.1937
11.141912,16.7541
11.143898,16.7125
11.147366,16.9210
11.150636,17.1233
11.152684,17.3372
11.157396,17.7405
11.159487,17.6874
11.162904,18.1032
11.165890,18.2582
11.167921,18.1895
11.171285,18.3286
11.174393,18.5364
11.177685,18.9142
11.180886,18.8499
11.191575,20.5249
11.198032,20.4486
11.199313,20.4260
11.201289,20.4111
11.203413,20.7745
11.208108,21.4515
11.210165,21.8845
11.213273,22.2746
11.216342,22.3242
11.220079,23.1439
11.222064,23.2009
11.225473,23.6561
11.229023,24.5727
11.231289,24.6481
11.234571,25.1353
11.237919,26.0390
11.240110,26.1143
11.243644,26.6630
11.246704,27.1597
11.249846,27.6326
11.253174,28.5815
11.255461,29.0567
11.259806,29.5962
11.262285,30.0610
11.264223,30.0720
11.268747,30.9520
11.271270,31.4314
11.274228,31.8646
11.276262,31.8648
11.279373,32.2846
11.282980,32.7358
11.291533,34.3947
11.293834,34.3920
11.297677,34.8487
11.302348,35.7967
11.303535,36.2371
11.306526,36.2698
11.309664,37.2637
11.311806,37.3124
11.315369,37.8667
11.318887,38.9425
11.320845,39.0219
11.324108,39.5995
11.327341,40.7228
11.331086,41.4011
11.335569,41.9859
11.336576,42.0304
11.338939,42.6018
11.343194,43.7741
11.345496,44.3391
11.348855,44.3720
11.352514,45.4623
11.354767,46.0223
11.356763,46.0496
11.360025,46.5872
11.363123,47.2100
11.366541,47.7374
11.369845,48.8034
11.374080,49.3110
11.375038,49.3281
11.378380,49.7994
11.381909,50.3531
11.385593,51.3085
11.395862,52.8048
11.399170,53.2949
11.401645,53.8852
11.404862,54.8846
11.407418,54.9068
11.410612,55.4915
11.413489,55.9889
11.418553,56.9848
11.419993,57.0025
11.422488,57.5519
11.426855,58.9676
11.428790,58.9898
11.432629,59.5532
11.435491,60.1257
11.438861,60.7052
11.441642,61.3437
11.444391,61.9386
11.447953,62.5128
11.450415,63.1984
11.453099,63.7691
11.458277,64.9525
11.459367,65.0012
11.462472,65.5855
11.466640,66.1659
11.469572,66.7430
11.471834,67.3404
11.481007,68.9962
11.485374,69.5180
11.486499,69.9857
11.496725,70.5495
11.498097,71.8689
11.501251,72.4893
11.505196,72.9593
11.508136,73.4480
11.510419,74.0007
11.513430,74.4733
11.517480,74.9501
11.519878,75.4906
11.522660,75.9828
11.525927,76.4868
11.528265,77.0673
11.529823,77.0807
11.536424,78.1320
11.540135,78.6735
11.541763,79.3128
11.542970,79.3669
11.546898,80.5959
11.549398,80.6624
11.552760,81.8809
11.555671,82.5354
11.558753,83.2462
11.561542,83.8831
11.564879,84.4819
11.569335,85.1470
11.570775,85.9275
11.573756,86.5428
11.576746,87.1644
11.579602,87.2509
11.583687,88.4473
11.586184,89.0652
11.588857,89.7240
11.600348,92.3872
11.607269,92.9469
11.609703,92.9557
11.613479,94.0143
11.614245,93.9908
11.618917,95.0248
11.619964,94.9786
11.623631,95.4169
11.627858,96.3389
11.629816,96.8251
11.636137,97.2006
11.639343,98.1697
11.642487,98.6228
11.645030,99.0923
11.649863,99.6142
11.652589,100.0994
11.654452,100.5696
11.657724,101.1629
11.660705,101.6803
11.663292,102.2181
11.665890,102.7642
11.671229,103.4276
11.672503,103.5028
11.676462,104.5790
11.678893,105.2208
11.682403,105.8201
11.684825,106.4199
11.687933,107.0384
11.691145,107.6399
11.704515,109.7946
11.705932,110.2933
11.707928,110.8300
11.711464,111.2721
11.714306,111.7142
11.719498,112.5966
11.720743,112.6024
11.724570,113.0364
11.726455,113.4197
11.730083,113.8373
11.733044,114.1885
11.735628,114.5378
11.738868,114.8890
11.742150,115.2023
11.745032,115.5117
11.747987,115.8356
11.751919,116.1310
11.753215,116.4371
11.756828,116.7523
11.759252,117.0684
11.761906,117.3665
11.764853,117.6963
11.769273,118.0619
11.777980,118.8015
11.780677,119.1237
11.783277,119.5608
11.787190,119.7613
11.788867,119.9413
11.792585,120.0824
11.796296,120.1901
11.803853,120.4327
11.806372,120.5275
11.808727,120.6123
11.809761,120.6037
11.813480,120.6820
11.816279,120.7503
11.819820,120.7723
11.822590,120.7607
11.825722,120.7281
11.828496,120.6953
11.829601,120.6348
11.834209,120.4901
11.844686,119.8209
11.847536,119.5157
11.848889,119.0729
11.852609,118.7050
11.853731,118.6729
11.858516,118.0307
11.859691,118.0077
11.863508,117.7303
11.866279,117.4811
11.869613,117.2149
11.872296,116.9812
11.876010,116.3983
11.878688,116.3890
11.882462,115.8407
11.887983,115.5170
11.891092,114.8830
11.893678,114.5763
11.897251,114.2490
11.906723,113.9643
11.910343,113.1658
11.911938,112.8775
11.914431,112.6067
11.917235,112.6028
11.920638,112.2880
11.923711,111.7167
11.926469,111.7084
11.930301,110.8391
11.932801,110.8205
11.936225,110.4557
11.938918,110.1295
11.941221,110.0764
11.945076,109.7325
11.948016,109.3454
11.952608,108.6581
11.955042,108.2676
11.957528,107.7971
11.960177,107.3770
11.962590,106.9326
11.971153,105.9942
11.973908,105.5618
11.976137,105.0667
11.979426,104.6339
11.982276,104.2038
11.986074,103.7418
11.988969,103.2351
11.994868,102.2671
11.997308,101.7323
12.000946,101.6884
12.008219,99.7514
12.009429,99.7077
12.011115,99.1458
12.014964,98.5873
12.020042,97.4495
12.022026,97.3826
12.024666,96.7872
12.025847,96.1623
12.030625,95.5519
12.032888,94.9381
12.036536,94.3130
12.040098,93.6732
12.045592,92.5136
12.048042,91.7758
12.053214,90.6676
12.054409,90.6404
12.060244,89.4742
12.062559,88.9120
12.066563,88.2952
12.069988,87.7630
12.072279,87.2369
12.076141,86.7236
12.079669,85.6620
12.082153,85.6769
12.086141,84.6313
12.087529,84.6567
12.091336,84.1750
12.095960,83.6740
12.097512,82.5921
12.099759,82.6170
12.102692,82.6236
12.111155,80.1069
12.114750,79.5039
12.116684,79.4670
12.120863,78.8888
12.123555,78.3205
12.126371,77.6788
12.129368,76.5285
12.132114,76.4603
12.135145,75.3910
12.138787,74.8188
12.141689,74.2682
12.144408,73.6210
12.147393,73.0157
12.149994,72.9040
12.155440,71.1826
12.157128,71.0725
12.159597,70.4237
12.162547,69.7835
12.165206,69.1043
12.170297,68.5057
12.174909,67.3760
12.177842,66.8201
12.179853,66.7860
12.185888,65.7483
12.187402,65.7556
12.189964,64.8213
12.192759,64.3567
12.195249,64.4061
12.199011,63.9040
12.203193,62.9377
12.205863,62.9989
12.213318,60.1029
12.216761,60.0940
12.220365,60.0630
12.222818,59.4774
12.226416,58.8066
12.229544,58.1360
12.231962,57.4771
12.236529,56.7272
12.237533,56.0987
12.241177,55.3766
12.243358,54.7258
12.246379,54.0115
12.249022,53.3556
12.253123,52.6829
12.256429,51.9854
12.258404,51.3643
12.263225,50.7412
12.265332,50.1241
12.269758,49.5828
12.270778,49.0775
12.274338,48.5738
12.276422,48.5629
12.279001,47.6480
12.283244,47.2171
12.286315,46.7662
12.288543,46.4036
12.291745,46.1036
12.294995,45.7292
12.298584,45.4158
12.300966,45.5280
12.304448,44.7911
12.318889,43.1932
12.320908,42.8247
12.323910,42.2780
12.326443,41.8306
12.329523,41.3719
12.333483,40.8838
12.336094,40.3562
12.339526,39.8457
12.342063,39.3275
12.345610,38.7711
12.347595,38.2673
12.351415,37.7657
12.353754,37.2429
12.356753,36.7277
12.360367,36.2451
12.362851,35.7135
12.366091,35.2386
12.369502,34.7810
12.371481,34.7138
12.374882,33.9167
12.377958,33.5558
12.382531,33.2594
12.383577,33.3122
12.386932,33.0692
12.390017,32.5856
12.393422,32.4303
12.396826,32.2933
12.402375,32.0450
12.405423,31.8891
12.408761,31.7662
12.418376,31.3167
12.419502,30.7244
12.422863,30.2247
12.424765,30.1554
12.427973,29.3628
12.431469,28.8931
12.436650,28.3741
12.437575,27.9466
12.440217,27.4779
12.443315,27.0101
12.446488,26.6046
12.449093,26.5237
12.452107,26.1859
12.455496,25.5236
12.458556,25.2191
12.460933,25.2048
12.464029,24.8863
12.469389,24.3320
12.471443,24.0502
12.473415,23.7366
12.476876,23.4277
12.479277,23.1341
12.483471,22.8129
12.485443,22.5196
12.489021,22.2596
12.492339,21.9971
12.495396,21.7312
12.498557,21.5015
12.502310,21.2869
12.504777,21.0679
12.507908,20.8818
12.511023,20.9191
12.525009,19.8019
12.528404,19.5572
12.530471,19.2372
12.533079,18.8994
12.536485,18.5861
12.539846,18.2382
12.542964,17.8745
12.545366,17.5498
12.548349,17.2071
12.552505,16.8599
12.554531,16.5647
12.558014,16.2728
12.560351,16.0338
12.563892,15.8054
12.566995,15.6367
12.570302,15.5230
12.572300,15.4451
12.577180,15.4066
12.579441,15.4174
12.581495,15.4265
12.585875,15.4595
12.589207,15.5064
12.591307,15.5192
12.594762,15.5014
12.597952,15.4654
12.600350,15.4412
12.602339,15.3988
12.605934,15.3652
12.608113,15.4100
12.611299,15.2792
12.622675,15.2076
12.625254,14.9867
12.626490,14.8943
12.629577,14.7759
12.631698,14.6661
12.635859,14.5545
12.639372,14.4357
12.641919,14.3052
12.645296,14.1832
12.647361,14.0458
12.651506,13.8970
12.657713,13.5979
12.658649,13.5251
12.662038,13.2650
12.665503,13.1120
12.669624,12.9562
12.671858,12.7939
12.674921,12.6372
12.676892,12.4826
12.679980,12.3243
12.683708,12.1670
12.687075,12.0243
12.690238,11.9035
12.693272,11.7723
12.695368,11.7582
12.698661,11.5446
12.702754,11.4331
12.705249,11.4174
12.707457,11.3314
12.710531,11.2369
12.713913,11.0705
12.717295,11.0470
12.730306,10.5323
12.732547,10.3825
12.736973,10.2351
12.737994,10.0889
12.741071,9.9170
12.744364,9.7569
12.746550,9.7255
12.750652,9.4186
12.752841,9.3943
12.756422,9.0718
12.758664,8.8923
12.761687,8.6939
12.764770,8.5131
12.768864,8.3397
12.771398,8.1516
12.774465,8.0148
12.776678,7.8883
12.779742,7.7616
12.783428,7.6900
12.785407,7.7578
12.788631,7.7004
12.791853,7.5206
12.794849,7.4511
12.799327,7.3865
12.802532,7.3002
12.804489,7.2065
12.806536,7.1148
12.809774,7.0138
12.814093,6.9339
12.817487,6.8494
12.828123,6.6793
12.830137,6.6289
12.834998,6.4082
12.837095,6.3096
12.839309,6.3416
12.842936,6.1773
12.845883,6.1337
12.848984,6.0818
12.853002,6.0312
12.855122,5.9787
12.858172,5.9177
12.860283,5.9246
12.863402,5.8326
12.866624,5.7513
12.869819,5.6651
12.872112,5.5761
12.876327,5.4184
12.878342,5.4211
12.881689,5.3422
12.885215,5.2023
12.888259,5.1317
12.890324,5.1245
12.895076,5.0126
12.897137,4.9726
12.899258,4.9824
12.904019,4.9250
12.905631,4.9227
12.920754,4.9536
12.921825,4.9555
12.935240,4.9017
12.936247,4.9050
12.938296,4.9046
12.943384,4.8540
12.945578,4.8517
12.947918,4.8240
12.949907,4.8210
12.954007,4.7729
12.957673,4.7490
12.959935,4.7197
12.962514,4.6997
12.969005,4.6763
12.972434,4.6742
12.974435,4.6684
12.978737,4.6653
12.980707,4.6552
12.983970,4.6638
12.987617,4.6674
12.989766,4.6650
12.992833,4.6574
12.995911,4.6558
13.000230,4.6499
13.002242,4.6459
13.005351,4.6436
13.008507,4.6485
13.011484,4.6542
13.014786,4.6639
13.017249,4.6787
13.020869,4.6963
13.023368,4.7098
13.032186,4.7265
13.033152,4.7594
13.035800,4.7797
13.037750,4.8105
13.040835,4.8469
13.043995,4.8780
13.046423,4.9160
13.049617,4.9511
13.053210,4.9329
13.057278,5.0455
13.061436,4.9947
13.065516,5.0588
13.067488,5.0298
13.070590,5.0932
13.073970,5.1237
13.075947,5.1063
13.080418,5.2350
13.082462,5.3100
13.086784,5.3979
13.088762,5.5036
13.095291,5.7423
13.097743,5.9001
13.101075,5.9532
13.104479,6.2488
13.106460,6.2991
13.109917,6.4885
13.112028,6.6869
13.116160,7.0319
13.118290,7.0692
13.122572,7.4541
13.125102,7.6637
13.135639,8.3689
13.139559,8.6757
13.142566,8.9441
13.145950,9.4762
13.147965,9.5563
13.154276,10.1761
13.155353,10.5205
13.156323,10.6170
13.161818,11.3213
13.163873,11.4200
13.166969,11.8404
13.169014,12.2871
13.172676,12.7021
13.175700,13.1488
13.178825,13.5832
13.180980,14.1196
13.185093,14.5884
13.187168,15.0957
13.191218,16.0481
13.193504,16.1489
13.197080,17.1290
13.199256,17.2242
13.202646,17.7533
13.205819,18.7234
13.208928,19.2764
13.212154,19.7780
13.215230,20.2847
13.218448,20.8072
13.221701,21.3143
13.224647,21.8035
13.226646,21.8065
13.236723,23.7220
13.239015,23.6853
13.240403,23.6542
13.241334,23.5930
13.244790,25.1444
13.248038,25.6413
13.251291,25.5673
13.253534,25.9933
13.257755,27.0127
13.260032,27.4364
13.263169,27.8471
13.266137,28.2643
13.269282,28.7113
13.271720,29.1234
13.274798,29.5074
13.276829,29.3926
13.280335,29.8386
13.283802,30.2140
13.285752,30.5965
13.300678,32.6241
13.303637,32.9677
13.307817,33.3632
13.310204,33.8186
13.313373,34.1949
13.316884,34.6018
13.320053,35.5226
13.322083,35.9443
13.325226,36.3655
13.328563,36.8540
13.347347,39.7311
13.349393,40.2474
13.352641,40.2874
13.362975,42.3715
13.364197,42.4203
13.367285,42.9245
13.370759,43.5940
13.371768,44.1098
13.376154,45.2251
13.379630,45.7789
13.381737,46.3360
13.384749,46.3983
13.388076,46.9411
13.391444,47.5360
13.394933,48.5651
13.401108,49.2060
13.404232,50.2710
13.406297,50.3281
13.409511,51.4713
13.412599,52.0462
13.414611,52.0965
13.420297,53.2053
13.422817,53.7274
13.423743,53.7671
13.428411,55.1213
13.430570,55.1556
13.433195,55.6826
13.442167,57.2595
13.443212,57.8115
13.445163,57.8387
13.449311,58.9799
13.453454,59.5147
13.454717,60.0224
13.457810,60.5886
13.461152,61.0940
13.463315,61.0947
13.466448,61.5955
13.469609,62.5985
13.472929,63.1486
13.476139,63.1279
13.479303,63.7149
13.481739,64.2032
13.484815,64.6716
13.488343,65.2130
13.490637,65.6906
13.493690,66.2652
13.497089,66.8209
13.499440,67.4166
13.503049,67.9960
13.505580,68.5455
13.508869,69.2266
13.511859,69.8176
13.515258,70.4193
13.518308,71.0787
13.521702,72.1867
13.523671,72.2590
13.527243,72.8518
13.529504,73.5058
13.533924,74.0959
13.545322,76.6665
13.546320,76.7023
13.551010,77.8459
13.552975,77.8762
13.556303,78.3568
13.561830,79.4667
13.562866,79.4897
13.565002,80.0617
13.568076,80.6157
13.572270,81.6387
13.573220,81.6480
13.576408,82.2117
13.580074,82.7092
13.583393,83.2080
13.588979,84.2265
13.592087,84.6844
13.595196,85.3620
13.598217,85.8033
13.601886,86.2469
13.603959,86.2411
13.607345,87.2045
13.610522,87.6578
13.613956,88.1537
13.615924,88.1638
13.621258,89.1452
13.622325,89.5923
13.627055,90.1310
13.628811,90.6120
13.630837,91.1187
13.635146,91.6436
13.637329,92.2337
13.648950,94.2882
13.654985,94.8010
13.658325,95.8802
13.661496,96.3636
13.664710,96.8418
13.667940,97.3742
13.670052,97.8766
13.673085,98.3926
13.676128,98.9563
13.679259,99.4755
13.682313,99.5117
13.687123,100.5482
13.688016,100.5662
13.692718,101.5147
13.694968,102.0348
13.698054,102.4912
13.701174,102.9427
13.703509,103.3983
13.706531,103.9045
13.710078,104.3362
13.713246,104.7721
13.715150,104.7773
13.718250,105.2604
13.721807,106.0674
13.723867,106.5201
13.729179,106.8893
13.730162,106.8871
13.734307,107.6489
13.736656,107.6596
13.739769,108.4504
13.748576,108.8213
13.750737,109.5494
13.752085,109.9177
13.754020,109.9589
13.757052,110.3860
13.760446,111.0823
13.762899,111.1279
13.766471,111.4602
13.770788,112.0666
13.774824,112.3484
13.777064,112.6752
13.778098,112.9732
13.781560,113.2633
13.783545,113.3588
13.787863,113.8823
13.789920,113.9732
13.793034,114.4524
13.796077,114.5483
13.799458,114.9748
13.803565,115.2176
13.805677,115.4836
13.809307,115.7273
13.811609,115.9500
13.814727,116.1839
13.818293,116.3688
13.820272,116.4420
13.822891,116.6027
13.826026,116.7341
13.829565,116.8262
13.836117,116.9670
13.838244,116.9852
13.841608,117.0284
13.853679,117.0418
13.854668,117.0582
13.856674,117.0788
13.860092,116.9958
13.862291,117.0283
13.864398,116.9695
13.866369,116.9017
13.871604,116.8322
13.872639,116.7522
13.876138,116.6392
13.881479,116.3980
13.882758,116.4050
13.886623,116.2643
13.888860,116.1364
13.891779,115.8256
13.895447,115.8224
13.897583,115.6635
13.901731,115.3712
13.902710,115.3852
13.907188,115.0864
13.910349,114.9397
13.912430,114.9762
13.915764,114.7917
13.920563,114.4265
13.921718,114.4656
13.925931,114.1067
13.929211,113.9613
13.932355,113.8038
13.934775,113.6160
13.938359,113.4221
13.940624,113.1703
13.942596,113.1914
13.954400,112.4040
13.956497,111.7673
13.957527,111.3769
13.965456,110.4596
13.971020,109.8797
13.974181,109.5599
13.977612,109.2251
13.980747,108.8464
13.983991,108.3990
13.986164,107.9415
13.989722,107.4674
13.993143,106.9622
13.995338,106.3640
13.997724,105.7682
14.000772,105.1728
14.003947,104.5171
14.006426,103.8794
14.010050,103.2362
14.013047,102.5770
14.015347,102.4490
14.020185,101.0685
14.022202,100.3832
14.025493,99.4802
14.028429,98.6977
14.032037,97.8602
14.034449,96.9691
14.037297,96.1126
14.040610,95.2500
14.044122,94.3322
14.046466,93.4741
14.059768,90.3987
14.060828,90.1371
14.063957,88.6823
14.065978,88.5634
14.069269,87.8303
14.072710,86.3268
14.075967,85.5682
14.077889,85.5070
14.082380,84.1290
14.085141,84.1247
14.087740,83.4156
14.091512,82.1222
14.092706,82.1687
14.095037,81.4548
14.098982,80.8303
14.103158,79.4894
14.105237,79.5153
14.109463,78.2331
14.112056,77.6046
14.114430,77.5788
14.118016,76.1778
14.119864,76.1353
14.123318,75.4078
14.126370,74.5628
14.128611,73.7610
14.132115,72.8796
14.136116,71.9501
14.137887,71.0870
14.142084,69.4666
14.144878,69.3802
14.147480,68.0140
14.151015,67.9548
14.162057,65.5178
14.165279,64.7646
14.168896,64.1709
14.171820,63.5808
14.174544,62.3540
14.177540,61.7810
14.179789,61.7742
14.182797,61.1933
14.187886,60.0467
14.189213,59.4744
14.193161,58.8174
14.196350,58.1887
14.202666,56.3572
14.205016,56.2254
14.208630,55.5455
14.211224,54.9107
14.213706,54.1953
14.216703,53.5812
14.221163,52.9436
14.222585,52.2813
14.225697,52.1690
14.228340,51.5464
14.230550,50.8976
14.234427,50.1989
14.239271,48.9941
14.240442,48.9307
14.244296,48.1718
14.246692,47.3062
14.249658,45.7915
14.252669,45.7818
14.263577,43.5474
14.267114,42.7241
14.271048,42.3821
14.273559,42.4816
14.277667,41.7393
14.278662,41.8516
14.282540,41.0710
14.285180,41.2191
14.290294,40.5174
14.291253,40.6157
14.293471,40.2021
14.297013,39.8416
14.300623,39.0377
14.305785,38.5085
14.309695,38.0366
14.312505,37.5703
14.315346,37.0482
14.317255,36.5583
14.322323,35.6863
14.323934,35.5979
14.327575,35.1032
14.329810,34.6376
14.333271,34.1701
14.337191,33.6869
14.339118,33.2747
14.342036,32.9206
14.345952,32.4934
14.348127,32.1454
14.351297,31.8075
14.355328,31.4305
14.364176,31.1361
14.366787,29.6997
14.368906,29.6926
14.371698,29.3638
14.376779,28.7550
14.378316,28.5134
14.380015,28.5284
14.384781,28.0533
14.388636,27.8735
14.391097,27.6822
14.394203,27.5240
14.396977,27.6037
14.404861,27.0213
14.406224,26.8613
14.409009,26.7410
14.412686,26.5699
14.415463,26.4258
14.418297,26.2776
14.422239,26.1055
14.423398,26.1491
14.426130,25.9944
14.429492,25.8465
14.433926,25.5055
14.436791,25.3529
14.439629,25.2151
14.441833,25.2192
14.445618,25.0475
14.448463,24.9023
14.452444,24.6089
14.454743,24.4613
14.457680,24.4548
14.466565,23.9246
14.469148,23.7074
14.472042,23.4343
14.474649,23.1452
14.478412,22.8466
14.481256,22.5683
14.483561,22.2587
14.487781,21.9545
14.490233,21.6289
14.492498,21.2053
14.496125,20.4949
14.498167,20.3780
14.502412,19.8976
14.505339,19.1978
14.507472,19.1195
14.511920,18.6179
14.513122,18.5942
14.515960,18.4141
14.520831,18.1365
14.523536,18.2364
14.526423,18.1713
14.529903,18.1570
14.532905,18.1864
14.534634,18.2452
14.537675,18.3059
14.540723,18.4216
14.543570,18.5133
14.547493,18.6091
14.551194,18.7346
14.554359,18.7110
14.557386,18.7566
14.558528,18.8732
14.569050,18.7441
14.571697,18.8882
14.573615,18.8419
14.575952,18.7910
14.579855,18.7236
14.583852,18.6437
14.588997,18.4818
14.591637,18.3799
14.595240,18.2619
14.598357,18.1329
14.602221,17.9757
14.605213,17.8039
14.608051,17.5365
14.610883,17.3404
14.614093,17.1397
14.616040,17.0497
14.619715,16.7304
14.623276,16.5065
14.625687,16.4266
14.628364,16.2177
14.630694,15.9996
14.634385,15.7839
14.638054,15.5770
14.639249,15.3756
14.643600,15.1318
14.647327,14.9429
14.650063,14.7612
14.653389,14.4390
14.655652,14.3973
14.658120,14.2453
14.661200,14.0849
14.671143,13.5728
14.672443,13.5372
14.677567,13.2768
14.679229,13.2426
14.682813,13.0942
14.685277,12.9443
14.687737,12.8000
14.691821,12.5114
14.694412,12.3522
14.697347,12.2008
14.700854,12.0386
14.705841,11.9007
14.707036,11.8964
14.710742,11.6090
14.713536,11.4671
14.716473,11.3025
14.719195,11.1211
14.722670,10.9591
14.724882,10.9429
14.726937,10.7877
14.729825,10.6502
14.733296,10.3685
14.738480,10.2611
14.739792,10.2897
14.743741,10.0409
14.746674,9.9370
14.748902,9.9600
14.752579,9.8334
14.755508,9.7183
14.758272,9.6008
14.761450,9.3480
14.764060,9.3601
14.773001,9.0859
14.777661,8.9791
14.778820,9.0054
14.781761,8.9390
14.785828,8.8734
14.788684,8.8063
14.791427,8.6555
14.793710,8.5854
14.797936,8.5154
14.800353,8.4347
14.802592,8.4183
14.806414,8.3359
14.809231,8.2527
14.812823,8.1535
14.814866,8.0573
14.819299,7.9556
14.822169,7.8551
14.825069,7.7035
14.828148,7.6264
14.830471,7.6205
14.834092,7.4778
14.835883,7.4897
14.839831,7.3787
14.841910,7.4196
14.845136,7.3999
14.849040,7.4013
14.851487,7.3700
14.855430,7.3445
14.858270,7.2348
14.861398,7.2067
14.863000,7.2293
14.865521,7.1905
14.876167,7.1445
14.878545,7.0551
14.880823,7.0006
14.883561,6.9485
14.888445,6.8692
14.890958,6.8014
14.893422,6.7399
14.896385,6.6265
14.899284,6.5526
14.902613,6.4427
14.905512,6.3353
14.907965,6.2092
14.910648,6.0764
14.914459,5.8561
14.917179,5.8191
14.922534,5.6089
14.924987,5.5361
14.926081,5.4638
14.929010,5.4759
14.932775,5.4442
14.935435,5.4520
14.937656,5.4824
14.940805,5.5003
14.944465,5.5453
14.946392,5.6212
14.950430,5.7086
14.953085,5.7830
14.956742,5.8536
14.959358,5.9291
14.962308,5.9842
14.964616,6.0256
14.966897,6.0481
14.986830,5.9678
14.988040,5.8360
14.990496,5.7308
14.993901,5.6373
14.996970,5.5425
15.004359,5.3288
15.005361,5.2456
15.010033,5.1619
15.012638,5.1065
15.015191,5.0495
15.020613,4.9670
15.021380,4.9980
15.023431,5.0085
15.026415,5.0397
15.029803,5.0785
15.032893,5.1424
15.036103,5.2180
15.039184,5.3006
15.041649,5.4066
15.044847,5.4995
15.048094,5.5744
15.052485,5.7418
15.054688,5.8425
15.058112,5.9408
15.060129,6.0334
15.064187,6.1050
15.066254,6.1662
15.070995,6.2889
15.080782,6.3035
15.083891,6.2980
15.087979,6.2888
15.090144,6.2727
15.093188,6.2503
15.096463,6.2330
15.098447,6.2196
15.103048,6.2307
15.106242,6.2381
15.107220,6.2199
15.110293,6.2396
15.114757,6.2725
15.117893,6.3335
15.122405,6.4711
15.125456,6.5840
15.128676,6.8058
15.132783,6.9982
15.136076,7.2055
15.139496,7.5617
15.141893,7.8073
15.143937,7.9712
15.147027,8.2639
15.150549,8.5770
15.154231,8.9223
15.157636,9.4945
15.158610,9.6646
15.161896,10.0508
15.165026,10.4495
15.168327,10.8836
15.171334,11.2990
15.183109,12.6308
15.185225,13.0792
15.186225,13.5565
15.189250,14.1203
15.192440,14.6044
15.194791,15.1004
15.197995,15.6408
15.201011,16.1511
15.205049,16.6665
15.208022,17.1842
15.222097,19.5907
15.223065,19.6555
15.224975,20.1493
15.229023,20.6654
15.231720,21.1329
15.234569,21.6059
15.238924,22.1248
15.239979,22.5810
15.244170,23.0440
15.247207,23.5577
15.248574,24.0083
15.253156,24.5065
15.255364,24.9486
15.258667,25.4491
15.261366,25.8649
15.264949,26.3025
15.267546,26.7729
15.271704,27.1955
15.277483,28.0629
15.285254,29.9757
15.287164,29.7111
15.292289,30.0924
15.294238,30.6054
15.296975,30.5042
15.299799,30.9909
15.302409,31.4791
15.305513,31.9169
15.310009,32.9356
15.311892,33.3761
15.315308,33.8130
15.317534,34.3106
15.321703,34.7334
15.324387,35.1755
15.326313,35.1114
15.330309,36.1540
15.333174,36.6115
15.335059,36.5645
15.338018,37.0809
15.342403,38.0529
15.345000,38.5664
15.348103,39.0442
15.350637,39.0265
15.355704,40.0953
15.357422,40.6394
15.359738,41.1496
15.361929,41.1479
15.365725,41.6830
15.369174,42.8274
15.372261,43.3860
15.374506,43.4064
15.377711,44.0325
15.390005,47.2686
15.392768,47.2829
15.395308,47.2839
15.399029,48.3944
15.401520,48.9334
15.405608,49.5175
15.407304,49.4992
15.410947,50.5776
15.413669,51.1029
15.417068,51.6522
15.419550,51.6328
15.422485,52.1509
15.425327,52.6375
15.428980,53.2579
15.430864,53.2517
15.434614,54.6144
15.438621,55.1684
15.439824,55.6526
15.443552,56.2035
15.445225,56.7444
15.449622,57.2549
15.452104,57.7286
15.455273,58.3102
15.458407,58.8459
15.461859,59.3612
15.464356,59.8475
15.468269,60.4273
15.471673,60.9311
15.474371,61.4786
15.477072,62.5948
15.479404,62.5937
15.489718,64.7433
15.490948,64.7565
15.494181,65.2822
15.496890,65.8949
15.499408,66.4252
15.502344,66.9550
15.506196,66.9690
15.508670,68.0198
15.513885,68.5468
15.515311,68.5629
15.518064,69.6374
15.521185,70.1852
15.523837,70.6852
15.528022,71.2798
15.531453,71.8563
15.532404,72.3773
15.536218,72.9595
15.539571,73.4684
15.542213,73.9579
15.544628,74.5271
15.549861,75.5674
15.551052,75.5849
15.555549,76.6258
15.557650,76.6463
15.561398,77.6245
15.564206,77.6345
15.566844,78.1947
15.569726,78.6524
15.574241,79.1106
15.576963,79.6112
15.578137,80.0403
15.581943,80.4951
15.592882,81.8570
15.596786,82.8002
15.599347,83.2435
15.601636,83.6823
15.605480,84.1599
15.608417,84.5630
15.611213,84.9930
15.613456,85.4255
15.617305,85.9072
15.619915,86.3432
15.624113,86.7756
15.626195,87.2654
15.628498,87.7079
15.632688,88.1538
15.635861,88.6468
15.639672,89.0999
15.640652,89.5224
15.645511,90.0610
15.647486,90.5174
15.650579,90.9723
15.653394,91.4194
15.657064,91.9004
15.660262,92.3082
15.662663,92.7373
15.666385,93.1752
15.669040,93.5647
15.672553,93.9400
15.675163,94.3360
15.677856,94.7302
15.680123,95.0882
15.684421,95.4292
15.699013,96.9864
15.701494,97.2681
15.705865,97.6012
15.707587,97.8376
15.710415,98.0928
15.712877,98.3287
15.716690,98.5896
15.720801,99.1017
15.722018,99.0618
15.725853,99.3262
15.728775,99.5610
15.731673,99.8049
15.734415,100.0837
15.739242,100.3473
15.740437,100.6069
15.743188,100.9293
15.747222,101.2762
15.750042,101.6109
15.753826,101.9498
15.755723,102.3284
15.758380,102.6711
15.762120,103.0142
15.765826,103.4008
15.769809,104.0274
15.772674,104.4195
15.773902,104.4797
15.776823,104.8371
15.780389,105.1785
15.783210,105.5204
15.786264,105.8835
15.789044,106.2296
15.801100,107.4655
15.802313,107.5030
15.804212,107.8649
15.806601,108.1706
15.810605,108.7395
15.813526,109.0871
15.815716,109.1526
15.818844,109.4711
15.823040,110.0042
15.824342,110.0668
15.828863,110.5435
15.831647,110.5832
15.835476,111.0281
15.836701,111.0629
15.839564,111.2822
15.843890,111.6681
15.845099,111.6897
15.848776,111.8761
15.853211,112.2098
15.855927,112.2280
15.858323,112.3632
15.861078,112.5157
15.863895,112.6634
15.866346,112.7986
15.870770,112.9441
15.873185,113.0955
15.875969,113.2444
15.879763,113.3893
15.882195,113.5073
15.884789,113.6229
15.896830,113.7639
15.902825,113.7516
15.906562,113.9175
15.909155,113.9228
15.911836,113.9106
15.913999,113.9024
15.917541,113.8770
15.921151,113.7796
15.923726,113.7028
15.927299,113.6977
15.929724,113.6005
15.932734,113.4876
15.934987,113.3409
15.939115,113.1969
15.941529,113.0632
15.944661,112.8805
15.947630,112.7199
15.950385,112.5495
15.955987,112.1665
15.956936,112.1595
15.958609,111.9396
15.962850,111.6453
15.973748,110.4039
15.974945,110.2264
15.976514,109.8284
15.979354,109.4285
15.982778,108.9728
15.984488,108.9072
15.988723,108.1403
15.991157,107.6708
16.006890,105.3726
16.007958,105.2990
16.011293,104.7494
16.014199,104.1529
16.018006,103.0875
16.022422,102.4223
16.025312,101.8334
16.026905,101.1415
16.029964,100.4752
16.032013,100.3974
16.035183,99.6466
16.038160,98.9483
16.041385,97.5198
16.045520,96.7478
16.047648,95.9434
16.051022,95.0905
16.056395,94.2180
16.059707,92.7563
16.062797,91.8990
16.064762,91.8098
16.067853,91.0092
16.071993,89.2746
16.076366,88.2408
16.078723,87.3967
16.079733,87.3119
16.082788,86.2494
16.087390,85.3199
16.089611,84.3626
16.091562,83.3176
16.107124,78.4939
16.108347,78.3796
16.110500,77.2587
16.112567,76.1995
16.117036,75.2346
16.119535,74.3103
16.121418,73.2962
16.126263,72.4162
16.131951,70.6389
16.134077,69.7217
16.138463,68.8538
16.140517,67.9710
16.142571,67.9354
16.146751,66.1975
16.150143,65.3195
16.153195,64.3439
16.156606,63.4358
16.158839,62.5646
16.160902,61.5708
16.165154,60.6594
16.168426,59.7248
16.171776,58.7057
16.173869,57.7780
16.177000,56.7757
16.180105,55.8866
16.183259,54.9120
16.187022,54.0125
16.189062,53.1498
16.192436,52.2045
16.195785,51.3473
16.197835,50.5117
16.208152,48.2745
16.209151,47.6444
16.213343,46.9269
16.216756,46.3565
16.218732,45.8100
16.221816,45.2441
16.224865,44.7720
16.228515,44.3082
16.231813,43.2206
16.233785,43.3212
16.237121,42.8847
16.240145,42.4394
16.243695,41.9460
16.246073,41.5234
16.249548,41.1037
16.252631,40.5778
16.256226,40.0732
16.259604,39.5585
16.261989,38.9807
16.263978,38.4555
16.266468,37.9550
16.270754,36.9494
16.273767,37.0135
16.275934,36.6559
16.279568,36.2345
16.282658,35.8480
16.284679,35.5468
16.289202,35.2811
16.291421,35.0131
16.294307,34.7512
16.297863,34.5487
16.300833,34.3488
16.304885,34.5522
16.311005,33.4626
16.312303,33.8746
16.315448,33.7786
16.318467,33.7033
16.323686,33.3229
16.324969,33.4788
16.328073,33.3711
16.331157,33.2344
16.333539,33.1119
16.336758,32.9774
16.339838,32.8507
16.345293,32.2986
16.348739,32.3571
16.352930,32.1523
16.356422,31.7271
16.357447,31.7437
16.360468,31.5007
16.365024,31.0451
16.365954,31.0448
16.370514,30.8151
16.371465,30.5622
16.375333,30.3290
16.379405,30.0820
16.382470,29.7996
16.384702,29.5495
16.388874,29.2984
16.391000,29.0426
16.392987,28.7933
16.396065,28.5621
16.399231,28.3139
16.402545,28.1068
16.411039,27.5349
16.414125,27.3373
16.416729,27.1519
16.421028,26.9412
16.423292,26.7476
16.426726,26.5550
16.429024,26.3501
16.432386,26.1641
16.435837,25.9998
16.439051,25.8397
16.441647,25.6695
16.445948,25.4988
16.448248,25.1227
16.451715,24.9084
16.454195,24.6632
16.457535,24.6039
16.461991,24.1230
16.463212,24.0225
16.466154,23.5052
16.469423,23.1747
16.472454,23.0482
16.475684,22.5450
16.478885,22.1917
16.482311,21.8845
16.484256,21.7797
16.486862,21.5075
16.490380,21.0520
16.493673,20.9922
16.496977,20.7862
16.498163,20.5860
16.501337,20.5918
16.516751,19.8727
16.518773,19.7316
16.522639,19.6199
16.525779,19.5185
16.528077,19.3712
16.531582,19.2259
16.534442,19.0635
16.537624,18.8645
16.539987,18.6345
16.543514,18.4038
16.545537,18.1449
16.548659,17.8570
16.551742,17.5533
16.555982,17.2236
16.557983,16.8753
16.561604,16.5541
16.563575,16.2127
16.566653,15.8762
16.569960,15.5187
16.571969,15.3987
16.576462,14.8149
16.579692,14.4638
16.581662,14.1476
16.586133,13.8402
16.588088,13.5482
16.591373,13.3063
16.594441,13.1080
16.597586,12.9456
16.600763,12.7957
16.602765,12.6750
16.607141,12.5821
16.616114,12.4887
16.617158,12.3834
16.618386,12.3178
16.622355,12.3759
16.629793,12.0184
16.630734,12.0859
16.632786,12.0138
16.636107,11.9290
16.639457,11.8243
16.641608,11.6958
16.645291,11.5528
16.648794,11.3826
16.651031,11.2282
16.654095,11.0763
16.657170,10.9106
16.660886,10.7301
16.663217,10.5682
16.666265,10.3755
16.669435,10.1730
16.672382,9.9711
16.675862,9.7668
16.678346,9.5022
16.681657,9.2649
16.683987,9.0103
16.691483,8.4436
16.693515,8.1877
16.696815,7.9386
16.699891,7.6931
16.702237,7.4719
16.705260,7.2695
16.708693,7.0794
16.718288,6.9217
16.719369,6.7028
16.720345,6.6132
16.722409,6.5042
16.725670,6.4146
16.729196,6.3176
16.734309,6.1505
16.735312,6.1631
16.738576,6.0757
16.740641,6.0033
16.745245,5.9290
16.746213,5.8532
16.749282,5.7744
16.752366,5.6950
16.756468,5.6221
16.758934,5.5431
16.761988,5.4762
16.765511,5.4102
16.768079,5.3572
16.772658,5.2449
16.775936,5.1754
16.776998,5.1676
16.780299,5.1027
16.782855,5.0409
16.788102,4.9850
16.790421,4.9239
16.793605,4.8290
16.795627,4.8323
16.797631,4.7915
16.801794,4.7634
16.805941,4.6874
16.807318,4.7201
16.810312,4.7048
16.822411,4.4861
16.823451,4.5470
16.826705,4.5141
16.827727,4.5514
16.831280,4.5406
16.834555,4.5285
16.836632,4.5177
16.841100,4.4723
16.843654,4.5205
16.847008,4.5217
16.849084,4.5267
16.852536,4.5249
16.856991,4.5488
16.858026,4.5889
16.861032,4.6244
16.864353,4.6525
16.866421,4.6770
16.870874,4.7002
16.874135,4.7215
16.877192,4.7371
16.879582,4.7563
16.885955,4.7671
16.890423,4.7765
16.899425,4.7426
16.904900,4.6983
16.906920,4.6602
16.925859,4.5427
16.933097,4.5989
16.934318,4.6000
16.936799,4.6500
16.942370,4.7183
16.943621,4.7332
16.947121,4.8039
16.949544,4.8227
16.953087,4.9067
16.957877,4.9717
16.958840,4.9934
16.963661,5.0986
16.964635,5.1197
16.968141,5.2373
16.970499,5.2552
16.974423,5.3759
16.976637,5.3883
16.980386,5.4530
16.981600,5.5104
16.985523,5.5635
16.990395,5.6859
16.991591,5.6816
16.994936,5.7273
16.998612,5.7687
17.000838,5.8060
17.003816,5.8846
17.007003,5.8460
17.011054,5.9081
17.013273,5.9144
17.017094,5.9201
17.025875,5.9116
17.027051,5.8945
17.028707,5.8840
17.031591,5.8627
17.034442,5.8470
17.036860,5.7949
17.039399,5.7859
17.043653,5.8380
17.046211,5.8481
17.049110,5.8720
17.051983,5.8940
17.058002,5.9403
17.061283,6.0019
17.063951,6.1554
17.067844,6.2705
17.068869,6.3070
17.073079,6.4545
17.075662,6.6228
17.078371,6.8402
17.080886,7.0522
17.085468,7.2820
17.087276,7.5341
17.090384,7.7641
17.093357,7.9746
17.096942,8.2193
17.099762,8.4199
17.102126,8.5967
17.107272,8.7826
17.108448,8.9414
17.110686,9.0941
17.115064,9.2390
17.117137,9.3947
17.131495,10.1581
17.132779,10.0664
17.133669,10.2217
17.137365,10.3575
17.140862,10.5036
17.142890,10.6547
17.147101,10.8424
17.148966,11.0107
17.152247,11.1925
17.156393,11.4045
17.158359,11.6139
17.162908,11.8464
17.164011,12.1013
17.170123,12.8767
17.174403,12.9961
17.176529,13.3361
17.179566,13.7003
17.182834,14.0708
17.186126,14.4861
17.192487,15.2797
17.194523,15.7126
17.198935,16.4414
17.201049,16.5238
17.204119,16.9612
17.209557,17.6721
17.212532,18.0310
17.218140,18.7335
17.234391,20.2127
17.240574,20.8795
17.242716,21.1388
17.245779,21.5371
17.247829,21.8505
17.250902,22.1558
17.253970,22.1068
17.257204,22.7996
17.263696,23.4735
17.264710,23.4335
17.267952,24.1856
17.271158,24.1418
17.273383,24.4951
17.275373,24.8889
17.278403,25.2486
17.282744,25.6061
17.284672,26.0070
17.290341,26.3616
17.291345,26.3261
17.294451,26.9990
17.296756,27.4652
17.300990,27.8040
17.303154,28.2513
17.307583,28.6626
17.309832,29.0301
17.312889,29.3973
17.316083,29.7985
17.318113,30.1510
17.323290,30.5028
17.325333,30.8704
17.337113,32.2341
17.340260,32.5512
17.342320,32.8317
17.345493,33.2125
17.348842,33.5134
17.350804,33.8342
17.354742,34.2079
17.356781,34.5557
17.359958,34.9099
17.363814,35.3338
17.366022,35.7317
17.367987,36.1569
17.373798,36.5931
17.376006,37.0410
17.378550,37.5225
17.381110,38.0070
17.384133,38.5631
17.387912,39.0960
17.388863,39.1705
17.394454,40.2475
17.407031,42.5995
17.409687,43.1211
17.411921,43.7090
17.415075,44.3496
17.418232,44.8962
17.421297,45.8826
17.423324,45.9939
17.426521,46.4769
17.439239,48.4255
17.441896,48.4817
17.444028,49.4056
17.447199,49.9607
17.450888,50.9301
17.453963,50.9854
17.456304,51.5684
17.460181,52.0532
17.462229,52.5715
17.465308,53.6164
17.468759,54.1283
17.470786,54.1622
17.474857,55.1552
17.477351,55.1869
17.480615,56.1869
17.483637,56.7544
17.486786,56.7785
17.490124,57.7450
17.492614,58.3043
17.497033,58.8164
17.498982,59.3242
17.501025,59.3386
17.505263,60.3933
17.507538,60.4095
17.510698,61.3548
17.513754,61.8527
17.516852,62.3051
17.519317,62.3101
17.523773,63.1898
17.524774,63.1853
17.528981,63.6619
17.539265,65.9247
17.540473,65.9210
17.542415,65.9143
17.546970,66.9223
17.549515,67.3856
17.552863,67.9179
17.556999,68.4065
17.557996,68.4301
17.560215,68.9161
17.564477,69.9068
17.566439,70.4136
17.569656,70.9452
17.574078,71.5325
17.576437,72.0692
17.578466,72.1189
17.583014,73.1988
17.586061,73.7459
17.590399,74.2844
17.591494,74.8261
17.594746,75.3710
17.597244,75.8767
17.600455,76.3649
17.603871,76.8857
17.606010,77.3690
17.608987,77.8267
17.612520,78.3211
17.614692,78.3115
17.618940,79.2050
17.623301,79.6840
17.624315,79.6637
17.627418,80.5320
17.647129,83.1011
17.648458,83.5194
17.650453,84.0296
17.655358,84.4831
17.657418,84.9190
17.660585,85.3823
17.663203,85.8993
17.666299,86.3762
17.668457,86.4370
17.673811,87.4318
17.675812,87.9060
17.678907,88.4711
17.680996,89.0061
17.684081,89.5108
17.687171,90.0286
17.691375,90.6052
17.693602,91.1255
17.695822,91.1898
17.698904,92.1327
17.702791,92.6620
17.705405,92.7031
17.708737,93.6057
17.711780,94.1077
17.715285,94.5420
17.717254,94.9514
17.721937,95.3895
17.724765,95.7815
17.727053,96.1684
17.730111,96.5632
17.732554,97.0215
17.739508,97.0130
17.742602,99.0109
17.747866,99.0171
17.750399,99.3968
17.754491,99.8823
17.756505,100.3022
17.759606,100.7244
17.762684,101.1774
17.765786,101.5948
17.769135,102.0284
17.772180,102.1001
17.778526,103.3564
17.780481,103.8898
17.787490,104.7232
17.790503,105.1560
17.792571,105.5818
17.795617,105.9806
17.798709,106.3822
17.801831,106.8100
17.804773,107.1733
17.807856,107.5500
17.811193,107.9486
17.814364,108.2817
17.816427,108.6079
17.819499,108.9358
17.822683,109.2185
17.825658,109.4720
17.829403,109.7004
17.831638,109.9243
17.834695,110.1098
17.845732,110.5695
17.846628,110.7014
17.848668,110.7211
17.851763,110.8996
17.856578,111.1509
17.858645,111.2433
17.861328,111.3231
17.864317,111.3621
17.867762,111.3885
17.869863,111.4004
17.873270,111.4844
17.876723,111.5718
17.878681,111.6115
17.883300,111.7869
17.886370,111.8840
17.888414,111.9823
17.891928,112.0863
17.895412,112.1985
17.897624,112.3146
17.900721,112.4384
17.903214,112.5176
17.907790,112.7027
17.909002,112.7678
17.912374,112.8876
17.915855,113.0065
17.917842,113.0810
17.922181,113.0854
17.924437,113.1490
17.928860,113.1032
17.931149,113.1008
17.934250,113.1093
17.936362,113.1780
17.944211,113.1724
17.949490,112.9635
17.951489,112.9128
17.955864,112.8443
17.956847,112.8710
17.961507,112.6466
17.963561,112.6667
17.966951,112.4132
17.974391,112.0763
17.976677,111.9135
17.979729,111.6928
17.983139,111.5026
17.987044,111.3105
17.990367,111.1153
17.992480,110.8818
17.998540,110.4727
18.000688,110.2333
18.004040,110.0189
18.007226,109.7949
18.009206,109.5688
18.012311,109.3395
18.015965,109.0984
18.019238,108.8093
18.026408,108.0342
18.028564,108.0294
18.034022,107.3845
18.038202,107.0589
18.040514,106.6714
18.053046,104.8111
18.058503,104.3609
18.061341,103.9099
18.064740,103.4629
18.066790,103.0381
18.069761,102.5676
18.073809,102.1552
18.075844,101.7459
18.078983,101.2502
18.082169,100.7349
18.085288,99.7439
18.088323,99.7102
18.091469,99.0882
18.094979,98.5422
18.097999,97.9169
18.101158,96.7119
18.103135,96.7028
18.107769,95.6217
18.110264,95.1319
18.112123,95.1359
18.115159,94.6560
18.119335,93.6089
18.122577,93.0862
18.124738,93.0832
18.128226,92.5747
18.130500,92.0029
18.133621,91.4775
18.136950,90.9448
18.140429,90.3314
18.141467,89.7548
18.152888,87.4406
18.153865,87.3302
18.157363,86.5985
18.160364,85.8804
18.162416,85.2042
18.165585,84.5376
18.169443,83.8083
18.177039,82.0027
18.179114,81.9011
18.182305,81.2533
18.185481,80.0057
18.186446,79.9117
18.190907,79.1743
18.192875,79.0763
18.196892,77.8051
18.199237,76.8307
18.201484,76.7337
18.205094,75.0133
18.208136,74.0206
18.211439,73.1177
18.214798,72.2874
18.216773,71.5395
18.221705,70.8159
18.224694,70.2059
18.226830,69.6141
18.229940,68.9546
18.233368,68.4190
18.235481,67.8449
18.238870,67.1837
18.242082,66.6054
18.245901,66.0045
18.257516,63.7031
18.258873,62.6302
18.263202,61.1663
18.265616,60.3513
18.267890,60.1968
18.271422,59.4184
18.274736,58.1034
18.276790,57.9358
18.279315,57.1104
18.283050,56.3288
18.286408,55.5746
18.288548,54.7657
18.292636,53.4376
18.294633,53.2985
18.298273,52.5245
18.300638,51.8575
18.303723,51.2155
18.306920,50.6235
18.308942,49.9956
18.313693,49.3621
18.315725,48.8142
18.318220,48.1301
18.321373,47.5548
18.324635,46.9591
18.328357,46.3584
18.331264,45.8327
18.333232,45.3520
18.337341,44.8814
18.340431,44.3580
18.342460,43.9359
18.345800,43.4469
18.364149,42.2613
18.367301,39.8458
18.369654,39.1957
18.372679,38.6000
18.376150,37.9908
18.379512,36.8408
18.381506,36.7471
18.384831,36.1423
18.388478,35.0202
18.390543,34.9303
18.393943,34.3884
18.397104,33.8156
18.399474,33.2400
18.402940,32.3241
18.406023,32.2761
18.409314,31.7762
18.414439,30.9424
18.415445,30.5482
18.417566,30.6074
18.420861,30.2299
18.426355,29.5163
18.427389,29.6494
18.429518,29.3321
18.433001,28.9999
18.436129,28.7723
18.440453,28.1365
18.441416,28.2723
18.445885,28.1130
18.448967,27.5303
18.450976,27.6713
18.459464,27.6828
18.463940,26.7844
18.465911,26.4692
18.469182,26.0496
18.472571,25.6931
18.476996,24.9799
18.477978,24.9284
18.481788,24.2362
18.483775,24.1710
18.486937,23.7945
18.491027,23.0918
18.493019,23.0271
18.496671,22.6650
18.499881,22.2837
18.501874,21.9428
18.505725,21.6111
18.508862,21.2576
18.511224,20.9703
18.513321,20.6331
18.516654,20.3043
18.519834,20.0089
18.524939,19.7301
18.525961,19.4573
18.530133,19.1101
18.533317,18.8315
18.535648,18.5573
18.538945,18.2599
18.542293,18.0082
18.544358,17.7789
18.548551,17.3114
18.551716,17.1028
18.562535,16.4006
18.564475,16.4115
18.567517,16.1480
18.572023,15.6995
18.574061,15.6814
18.577640,15.1838
18.580000,15.1531
18.583315,14.6905
18.586624,14.6601
18.591472,14.1982
18.592389,14.1865
18.595715,14.0098
18.598281,13.7306
18.601577,13.5758
18.604560,13.4461
18.606701,13.3235
18.610764,13.2449
18.612734,13.1844
18.616919,13.1346
18.618883,13.1320
18.624035,13.0049
18.625027,13.0866
18.630171,12.9999
18.632675,12.9866
18.635622,13.0404
18.637934,12.9951
18.641633,12.9524
18.643767,12.8974
18.647108,12.8201
18.649085,12.7420
18.653726,12.6607
18.664551,12.4417
18.669405,12.1695
18.670278,12.1184
18.674479,12.0151
18.675442,11.9733
18.679516,11.9028
18.682941,11.8469
18.686268,11.7989
18.687776,11.7547
18.690955,11.7061
18.694287,11.6599
18.697699,11.6084
18.701885,11.5333
18.702920,11.5012
18.707165,11.4350
18.709397,11.3748
18.713394,11.2653
18.715390,11.2254
18.719307,11.0921
18.721287,11.0535
18.724450,10.9601
18.726426,10.8542
18.729507,10.7540
18.734281,10.6423
18.736748,10.5266
18.741803,10.3460
18.746547,10.1652
18.747661,10.1630
18.751563,10.1078
18.753478,10.0626
18.758163,10.0231
18.766811,9.9791
18.768733,9.9925
18.773166,10.0190
18.776540,9.9986
18.777442,10.0852
18.780544,10.1464
18.783714,10.2206
18.791001,10.3851
18.793457,10.5002
18.796431,10.5648
18.799550,10.6225
18.801545,10.6846
18.804637,10.7224
18.807705,10.7516
18.811196,10.7582
18.813176,10.7684
18.817426,10.7588
18.819475,10.7412
18.824749,10.6996
18.825775,10.6856
18.829400,10.6574
18.832957,10.6318
18.835526,10.5934
18.838987,10.5567
18.842254,10.5167
18.844223,10.4693
18.847277,10.4266
18.851506,10.3742
18.854440,10.3347
18.858089,10.2869
18.859020,10.2516
18.876017,10.0217
18.876989,10.0023
18.880288,9.9669
18.883589,9.9422
18.885718,9.9233
18.889216,9.9076
18.892312,9.8901
18.894434,9.8634
18.898106,9.8361
18.901192,9.8035
18.904288,9.7693
18.906868,9.7300
18.910213,9.6782
18.913292,9.6131
18.916704,9.5278
18.918677,9.4460
18.921739,9.3575
18.924834,9.2570
18.928316,9.1701
18.931613,9.0783
18.933598,8.9817
18.937179,8.8870
18.940811,8.7933
18.943426,8.7030
18.946813,8.6313
18.950760,8.5654
18.951850,8.5082
18.955074,8.4374
18.959506,8.4014
18.961973,8.3752
18.967985,8.4001
18.971070,8.2492
18.977841,8.3349
18.980113,8.2492
18.982284,8.2540
18.984268,8.2226
18.993212,8.1463
18.994153,8.0919
19.000409,7.9528
19.003453,7.8712
19.008605,7.7544
19.009627,7.6994
19.012913,7.6030
19.016004,7.4989
19.019197,7.3832
19.020916,7.2633
19.024480,7.1214
19.027209,6.9745
19.031336,6.8349
19.033994,6.6936
19.036897,6.5608
19.040189,6.4317
19.042712,6.2893
19.045582,6.2883
19.049887,6.0930
19.052826,6.0458
19.055800,6.0039
19.059444,6.0229
19.060577,6.0605
19.063584,6.1022
19.074563,6.1100
19.075717,6.5080
19.078376,6.6355
19.081013,6.7746
19.084866,6.8830
19.087707,6.9708
19.090733,7.0668
19.094169,7.1313
19.096363,7.1580
19.099203,7.1694
19.103085,7.1486
19.105648,7.1120
19.109072,7.0517
19.111599,6.9714
19.115309,6.8791
19.117834,6.7842
19.121079,6.6615
19.124127,6.5421
19.126254,6.4238
19.129529,6.2924
19.131866,6.1738
19.134967,6.1205
19.139282,5.9741
19.141238,5.8821
19.144373,5.8607
19.147638,5.8269
19.151103,5.7817
19.153665,5.7901
19.158179,5.8157
19.159435,5.8571
19.162393,5.9370
19.165761,6.0135
19.178138,6.2807
19.180427,6.3420
19.183748,6.6059
19.187169,6.7296
19.191656,6.8402
19.192673,6.9736
19.194625,7.0157
19.199034,7.1799
19.201081,7.2121
19.204533,7.3968
19.208811,7.5012
19.209847,7.5218
19.212979,7.6263
19.216398,7.8345
19.218383,7.8505
19.222528,7.9609
19.225654,8.1869
19.227726,8.3127
19.229854,8.3330
19.234359,8.6076
19.236942,8.6326
19.241170,8.9260
19.243427,9.1174
19.247084,9.3031
19.249571,9.4847
19.251544,9.5048
19.255446,9.6876
19.258676,9.8521
19.260926,10.0170
19.263930,10.1932
19.267429,10.3487
19.270816,10.5069
19.282239,11.1471
19.284643,11.3746
19.286691,11.5622
19.291091,11.7577
19.293053,11.9864
19.296370,11.9591
19.299732,12.4142
19.301777,12.6520
19.304918,12.9120
19.308002,13.1716
19.311112,13.4541
19.314190,13.7829
19.317698,14.1026
19.319673,14.4344
19.324989,15.1254
19.325961,15.1513
19.329354,15.4985
19.333957,15.8924
19.335266,16.2697
19.338453,16.6348
19.341448,17.0460
19.344519,17.4177
19.347579,17.7940
19.350990,18.1611
19.354328,18.5946
19.358558,18.9890
19.360173,19.3694
19.363134,19.8482
19.366570,20.2503
19.369579,20.6459
19.372147,21.0901
19.381820,22.2244
19.382856,22.6215
19.385993,23.0692
19.390283,23.9427
19.394317,24.3420
19.395321,24.2954
19.399343,24.6929
19.401362,25.1404
19.404642,25.6080
19.407940,26.0197
19.410961,26.4974
19.414054,26.9264
19.417092,27.3615
19.419676,27.8104
19.423796,28.3097
19.425851,28.7686
19.427905,29.2421
19.430481,29.7768
19.433560,29.7660
19.443170,30.8930
19.446645,32.3709
19.448625,32.3558
19.451914,32.9080
19.456195,33.8530
19.458300,33.8233
19.461406,34.3198
19.464545,34.7547
19.467829,35.6411
19.471146,36.0991
19.474220,36.0410
19.492729,40.1507
19.493865,40.1021
19.497443,40.0516
19.502763,40.0149
19.503717,39.9679
19.507755,40.8509
19.509973,41.3306
19.512110,41.8080
19.515240,42.2491
19.518262,42.6992
19.521355,43.2203
19.524665,43.7026
19.526723,43.6990
19.530763,44.7225
19.533975,45.2216
19.536007,45.2401
19.540169,46.2644
19.542146,46.2863
19.544250,46.7809
19.548370,47.7359
19.552211,48.2846
19.555298,48.8765
19.561200,49.8792
19.564752,49.8886
19.567183,50.8284
19.570376,51.3273
19.572366,51.3463
19.574831,51.8111
19.585534,53.5345
19.586560,53.5993
19.588920,54.0635
19.592342,54.6064
19.593623,55.0895
19.596678,55.5795
19.598691,55.6487
19.601789,56.2019
19.605114,56.6942
19.608555,57.1950
19.611720,57.7153
19.613717,58.1653
19.617989,58.6990
19.620133,59.2172
19.624330,60.2289
19.626380,60.2787
19.628490,60.7734
19.633492,61.7740
19.636559,62.2816
19.638557,62.3171
19.641661,62.8816
19.644742,63.3540
19.648437,63.8791
19.650961,64.4054
19.654194,65.3264
19.658443,65.3551
19.662793,66.2509
19.663889,66.2614
19.665983,66.7003
19.669085,67.1571
19.672417,67.6314
19.675675,68.0535
19.678944,68.4496
19.688681,70.0518
19.689680,70.0881
19.692246,70.1096
19.693218,70.5382
19.696485,71.4307
19.699549,71.9075
19.702738,72.3514
19.707165,72.7840
19.708187,72.8033
19.711462,73.6701
19.715513,74.0920
19.717718,74.5073
19.721746,74.9716
19.725056,75.3733
19.726024,75.3932
19.729318,75.8254
19.732328,76.2947
19.735367,77.1331
19.738450,77.1637
19.741809,78.0595
19.747486,78.5450
19.751016,79.4760
19.754069,79.9432
19.758398,80.4202
19.760516,80.9491
19.763928,81.4063
19.766009,81.9074
19.769171,82.4437
19.772588,82.9375
19.775724,83.4330
19.778926,83.9698
19.780969,84.4640
19.791527,85.9979
19.795737,86.9404
19.798982,87.5003
19.802249,88.0010
19.805520,88.5426
19.809037,89.1214
19.811279,89.6341
19.814290,90.1520
19.817617,90.6708
19.819863,91.2182
19.823412,91.7005
19.826507,92.1809
19.828720,92.6922
19.831800,93.1465
19.834972,93.6074
19.838100,94.1026
19.843250,94.5424
19.844218,94.9589
19.847500,95.4275
19.849965,95.9296
19.853755,96.3790
19.855734,96.8178
19.859085,97.3043
19.862403,97.7446
19.865635,98.1735
19.867757,98.6536
19.871286,99.0814
19.875532,99.5097
19.877704,99.9112
19.880870,100.4050
19.883084,100.8376
19.892740,102.9664
19.894910,103.0646
19.899091,103.1218
19.903519,104.0184
19.907526,104.4975
19.909694,104.5344
19.912924,105.3881
19.915342,105.7932
19.918862,106.2368
19.921992,106.6089
19.925155,106.9889
19.928397,107.4030
19.931430,107.7657
19.933402,107.7847
19.939206,108.4459
19.941207,108.8173
19.943850,109.1298
19.946182,109.4438
19.958449,110.4737
19.960578,110.5036
19.961574,110.7656
19.964747,111.1038
19.967834,111.4403
19.975488,112.1840
19.978298,112.5771
19.980916,112.9468
19.983963,113.3183
19.996525,114.1669
19.997798,114.3845
