session1_knee.mot
version=1
nRows=5974
nColumns=2
inDegrees=yes
endheader
time	knee_angle_r
0.006430	0.177193
0.007170	0.181645
0.009176	0.193955
0.012312	0.213312
0.015656	0.219272
0.017734	0.222500
0.027644	0.233440
0.029595	0.228971
0.033178	0.221275
0.035286	0.206213
0.039512	0.190379
0.041607	0.181434
0.045710	0.162137
0.047777	0.149610
0.052914	0.132295
0.053946	0.122983
0.057685	0.112656
0.059866	0.111269
0.063116	0.106914
0.066541	0.091193
0.068581	0.086441
0.071531	0.076984
0.074984	0.067137
0.078064	0.065515
0.081287	0.061567
0.084650	0.056751
0.086648	0.061044
0.091003	0.074254
0.093056	0.079516
0.096453	0.084050
0.099997	0.099215
0.101977	0.103420
0.105020	0.111628
0.108104	0.120617
0.111155	0.126834
0.114627	0.143661
0.118005	0.155156
0.120166	0.164504
0.130050	0.208569
0.132124	0.188932
0.134236	0.176680
0.135476	0.162632
0.139948	0.167929
0.140946	0.163659
0.144075	0.154155
0.147232	0.144322
0.150243	0.129251
0.153374	0.117922
0.155936	0.107833
0.159311	0.093021
0.163004	0.078274
0.165006	0.070683
0.168414	0.058939
0.171465	0.046340
0.174497	0.038239
0.176805	0.033978
0.179832	0.025729
0.183293	0.015986
0.186601	0.015955
0.188614	0.017176
0.191956	0.016266
0.195387	0.009829
0.197747	0.013987
0.200795	0.010713
0.203892	0.007284
0.208645	0.010698
0.210850	0.010698
0.212825	0.018215
0.216357	0.027797
0.220702	0.034761
0.223117	0.037058
0.231664	0.047479
0.232701	0.070116
0.234328	0.089119
0.236286	0.097341
0.241935	0.116778
0.243998	0.129089
0.245983	0.133300
0.250448	0.149421
0.252572	0.154195
0.255668	0.157426
0.259054	0.156654
0.262135	0.144545
0.265242	0.142297
0.267406	0.139253
0.271157	0.137329
0.273128	0.138079
0.277441	0.129923
0.279471	0.123389
0.282977	0.113111
0.286556	0.097318
0.288606	0.096332
0.291914	0.090270
0.295225	0.083980
0.298600	0.082488
0.301695	0.086856
0.304229	0.089620
0.310367	0.090837
0.311438	0.093841
0.313847	0.101451
0.316813	0.107078
0.319242	0.113128
0.322268	0.126322
0.325345	0.132673
0.334196	0.138781
0.342110	0.164648
0.344255	0.170840
0.346342	0.177386
0.349525	0.186902
0.352542	0.191627
0.356331	0.192729
0.358329	0.197600
0.361520	0.198017
0.364849	0.198243
0.368301	0.207048
0.370301	0.208784
0.373602	0.209150
0.377044	0.210288
0.379506	0.219770
0.383063	0.222339
0.386425	0.225144
0.389599	0.229297
0.392134	0.230395
0.395210	0.234450
0.397691	0.236844
0.400785	0.240194
0.404308	0.250053
0.407555	0.266299
0.409911	0.275999
0.412998	0.284368
0.416468	0.281267
0.418812	0.299655
0.422369	0.318309
0.425338	0.335337
0.427820	0.348655
0.438235	0.398920
0.439468	0.393257
0.442463	0.421683
0.445811	0.436807
0.448966	0.452537
0.451465	0.463967
0.455015	0.473271
0.458432	0.482748
0.460771	0.483440
0.463780	0.486898
0.466840	0.481148
0.470233	0.471915
0.472678	0.456010
0.475772	0.444077
0.478818	0.425881
0.481895	0.412378
0.485102	0.387622
0.488249	0.366228
0.490755	0.347965
0.493839	0.335319
0.496898	0.313473
0.500584	0.297738
0.503741	0.288905
0.507830	0.278706
0.510214	0.278555
0.512288	0.282563
0.515876	0.277710
0.518982	0.283021
0.522215	0.298056
0.525152	0.319812
0.531609	0.368537
0.541863	0.438549
0.543126	0.413128
0.546469	0.436326
0.549212	0.447828
0.551649	0.462545
0.555604	0.478273
0.558805	0.495706
0.561866	0.516043
0.563788	0.537337
0.566396	0.563174
0.570350	0.581342
0.574017	0.599464
0.577073	0.615046
0.579281	0.628805
0.582541	0.656527
0.585077	0.649320
0.588319	0.649915
0.591925	0.646778
0.594873	0.634403
0.597148	0.621170
0.600842	0.614674
0.603274	0.599129
0.605865	0.589164
0.609614	0.577672
0.615008	0.557281
0.618862	0.545702
0.621275	0.541231
0.625363	0.541475
0.630269	0.544066
0.631446	0.555231
0.634335	0.575616
0.642388	0.631281
0.645357	0.649386
0.648937	0.672280
0.651534	0.691181
0.653884	0.716515
0.657858	0.734053
0.660015	0.756330
0.663927	0.779238
0.666725	0.801295
0.669931	0.825857
0.672020	0.848061
0.675714	0.878418
0.678630	0.903713
0.681251	0.926672
0.683983	0.953072
0.686908	0.965102
0.691248	0.980080
0.694103	0.993873
0.696560	1.009419
0.699419	1.018089
0.701834	1.035510
0.709660	1.066877
0.713203	1.084577
0.736339	1.133511
0.751282	1.163353
0.751990	1.273870
0.766705	1.695918
0.767639	1.710756
0.770928	1.737293
0.774576	1.762933
0.775730	1.769796
0.779475	1.810910
0.782822	1.830431
0.786853	1.863523
0.788050	1.859942
0.793100	1.885624
0.794289	1.879526
0.801295	1.879285
0.816859	1.968898
0.817856	1.989635
0.822883	2.013982
0.824322	2.038205
0.827744	2.070378
0.831650	2.110447
0.834528	2.162361
0.837398	2.208401
0.847829	2.255096
0.851512	2.414777
0.852734	2.481983
0.855632	2.540580
0.858097	2.583179
0.861482	2.639466
0.864026	2.703522
0.866627	2.766278
0.870462	2.818938
0.872763	2.872953
0.875365	2.920088
0.881114	2.989125
0.883783	2.998926
0.892021	3.090801
0.893453	3.143346
0.897669	3.182996
0.905435	3.235885
0.906118	3.253386
0.910907	3.370516
0.912149	3.393522
0.914997	3.432821
0.917936	3.483945
0.920240	3.523946
0.922842	3.552998
0.926551	3.632964
0.935194	3.772635
0.938904	3.838396
0.955000	4.211034
0.957684	4.280963
0.962010	4.367556
0.964852	4.473401
0.967844	4.600194
0.969771	4.740971
0.973205	4.867069
0.976177	5.013733
0.978184	5.135567
0.982209	5.263566
0.984221	5.400196
0.988266	5.532625
0.990274	5.658347
0.996352	5.821529
0.997731	5.945766
0.999746	6.134262
1.002853	6.304326
1.006693	6.487882
1.009317	6.668514
1.012613	6.852009
1.015198	7.064268
1.018465	7.280623
1.021585	7.485638
1.024912	7.701915
1.026935	7.961878
1.030184	8.232258
1.034497	8.518090
1.037032	8.840591
1.039501	9.176994
1.043244	9.556609
1.052453	10.710254
1.054935	11.149685
1.058166	11.631642
1.061047	12.056866
1.064013	12.501730
1.066072	12.973783
1.069145	13.384063
1.073315	13.789663
1.076693	14.151771
1.082129	14.893305
1.084161	15.254742
1.087798	15.625158
1.090798	16.009093
1.094257	16.399017
1.096235	16.821786
1.099546	17.291263
1.102683	17.785961
1.105820	18.267369
1.109037	18.768718
1.112450	19.318141
1.114390	19.848014
1.117574	20.423216
1.121152	21.051377
1.124441	21.616959
1.127614	22.174890
1.129594	22.794651
1.132854	23.431080
1.136259	24.024334
1.139675	24.616948
1.142987	25.267668
1.145092	25.831725
1.153849	26.455869
1.156878	28.031835
1.157960	28.147339
1.161149	28.774533
1.162934	29.416605
1.165336	30.010157
1.168186	30.625561
1.172155	31.295906
1.175760	31.908446
1.179823	32.481795
1.181255	33.164336
1.183838	33.792936
1.187415	34.418000
1.190759	35.057012
1.193145	35.758378
1.196039	36.368568
1.199917	37.620039
1.201901	37.774178
1.205522	38.975353
1.208984	39.704237
1.212815	40.387263
1.214417	40.507653
1.216851	41.171016
1.220862	41.838284
1.223364	42.579385
1.227424	43.249841
1.229902	43.913142
1.233399	44.709681
1.236165	45.395521
1.237931	46.055318
1.242501	46.825998
1.245293	47.524124
1.248788	48.188107
1.253551	50.028168
1.256316	50.169043
1.257588	50.809000
1.260552	51.671585
1.263288	51.833607
1.265722	52.550501
1.268247	53.257299
1.272247	54.029036
1.274959	54.726729
1.277489	55.413126
1.280357	56.058170
1.284269	56.856969
1.294422	59.525762
1.295498	59.589734
1.299453	60.256283
1.301209	60.955092
1.305372	61.570722
1.308090	62.174106
1.310673	62.800964
1.314784	64.061434
1.317362	64.708519
1.319691	64.757346
1.323538	65.470038
1.327809	66.753791
1.329009	66.808092
1.332200	68.161830
1.335915	68.836222
1.338745	69.559372
1.343951	70.231136
1.345158	70.308752
1.347741	71.554209
1.350204	71.625524
1.355126	72.370611
1.360525	72.431962
1.361742	72.553514
1.364579	74.911343
1.369970	76.328897
1.371171	76.385866
1.374751	77.790705
1.377942	78.485847
1.380830	78.542527
1.383641	79.933872
1.386574	79.995126
1.390443	81.457326
1.393075	82.145634
1.395704	82.836707
1.398284	82.889305
1.401841	84.251878
1.405079	84.922620
1.408063	85.580464
1.410780	86.298997
1.413054	86.332479
1.415711	88.008997
1.419237	88.036344
1.421952	88.683248
1.424833	89.337172
1.427686	89.992780
1.431759	90.896495
1.434728	91.552031
1.437239	92.198428
1.440698	92.914339
1.449690	94.230504
1.454012	94.954883
1.460783	95.628693
1.462897	96.767568
1.464424	97.928167
1.467866	98.531594
1.471453	99.172699
1.473692	99.723811
1.477308	100.255187
1.480986	100.853574
1.483790	101.370046
1.485772	101.851105
1.489623	102.417353
1.493972	102.932994
1.497960	103.983700
1.502226	104.573916
1.503403	105.096160
1.507270	105.655304
1.511474	106.258522
1.512639	106.804649
1.515383	107.434000
1.518790	108.056688
1.521524	108.619776
1.524258	109.203103
1.528202	109.775764
1.532978	110.423694
1.536971	111.347351
1.539622	111.872536
1.540840	111.895671
1.543614	112.288239
1.546286	112.625348
1.549728	113.021401
1.553415	113.623860
1.555844	113.608288
1.563578	114.495320
1.564591	114.492122
1.568949	115.134054
1.570169	115.150290
1.572927	115.436848
1.578257	115.992412
1.579917	116.233666
1.582286	116.263789
1.586350	116.468104
1.589053	116.677219
1.591568	116.879708
1.595427	117.022854
1.598127	117.267597
1.600974	117.391140
1.603124	117.400540
1.606559	117.621533
1.611462	117.744241
1.612696	117.845954
1.614800	117.845549
1.617457	117.917891
1.622157	117.973030
1.625111	117.978593
1.629983	117.955072
1.634226	117.894422
1.635479	117.923422
1.639434	117.925231
1.645117	117.856450
1.646055	117.876521
1.647237	117.825267
1.652566	117.752322
1.653756	117.657845
1.658385	117.562396
1.667766	117.122673
1.669023	117.103427
1.671441	116.957405
1.674281	116.782034
1.679101	116.465653
1.680307	116.430667
1.684087	116.254835
1.686640	116.075008
1.688881	115.863898
1.694978	115.466995
1.698674	115.194628
1.701555	114.957235
1.704120	114.721009
1.708253	114.488559
1.711290	114.242473
1.712489	114.004242
1.716390	113.759784
1.720031	113.494940
1.722369	113.262371
1.726577	113.040981
1.728709	112.802009
1.731511	112.576619
1.735331	112.386049
1.737794	112.167317
1.740552	111.972637
1.743876	111.781018
1.746997	111.588199
1.751029	111.186066
1.752254	111.169379
1.756080	110.961883
1.758701	110.717029
1.771557	109.810774
1.772470	109.520163
1.773534	109.469732
1.777771	109.196092
1.781143	108.602465
1.785708	108.280833
1.788522	107.930213
1.791334	107.586443
1.794130	107.221192
1.797065	106.804638
1.800894	106.422055
1.803582	105.996962
1.807155	105.573986
1.809018	105.094426
1.812176	104.668314
1.815387	104.168235
1.818554	103.663728
1.821321	103.188775
1.824882	102.707587
1.827798	102.179713
1.831006	101.713695
1.833866	101.252148
1.836288	100.776698
1.839803	100.319186
1.842608	99.866595
1.846182	99.460412
1.850676	98.503536
1.851895	98.502773
1.854581	98.037306
1.858239	97.498091
1.860907	97.002894
1.870464	96.521662
1.878152	93.966003
1.880838	93.390213
1.884995	92.815910
1.888223	92.159583
1.891145	91.555000
1.895183	90.348414
1.896363	90.285395
1.899060	89.500140
1.902175	88.804832
1.904925	88.108810
1.907487	87.334405
1.911682	86.636331
1.914574	85.930435
1.917245	85.150017
1.919595	84.437959
1.924438	83.734177
1.927347	82.953836
1.928501	82.239863
1.932937	81.523512
1.935801	80.810915
1.938023	80.020424
1.942172	79.270460
1.944658	78.546597
1.947585	77.783971
1.949957	77.103520
1.953082	76.433589
1.960462	74.961570
1.964098	73.596533
1.976674	71.462261
1.977668	70.626221
1.979837	69.868491
1.983032	69.144928
1.989811	67.561549
1.994881	66.769088
1.996888	65.259275
1.997939	65.125401
2.001419	64.334641
2.004442	63.510864
2.006760	62.595500
2.010199	61.757258
2.013224	60.948559
2.016364	60.028714
2.019898	59.162853
2.021783	58.364673
2.024855	57.409492
2.027927	56.544935
2.031051	55.713461
2.034138	54.881955
2.037508	54.015186
2.039973	53.205529
2.044321	52.382132
2.046326	51.531522
2.049912	50.780668
2.051895	50.073292
2.055197	49.304267
2.061564	47.942259
2.063895	47.202653
2.076092	44.803911
2.077089	44.673145
2.078114	44.082645
2.081257	43.329731
2.084517	42.594766
2.088156	41.873220
2.091460	41.141125
2.093520	40.394574
2.096576	39.579173
2.099779	38.830774
2.103460	38.123056
2.105966	37.335729
2.109324	36.621006
2.112523	35.905946
2.114827	35.076889
2.118307	34.376371
2.121515	33.651172
2.124729	33.553579
2.126708	32.243339
2.129915	31.621237
2.133346	30.941952
2.135293	30.307216
2.138427	30.289940
2.141593	29.785622
2.145180	28.736643
2.147223	28.779706
2.151713	27.796735
2.154711	27.345358
2.156896	26.947089
2.161111	26.593367
2.163220	26.283347
2.166376	25.928399
2.169615	25.633104
2.180601	24.608321
2.184048	24.388924
2.186218	24.602446
2.189516	24.012056
2.193031	23.876899
2.196201	23.652430
2.199473	23.496174
2.201672	23.299462
2.204693	23.024417
2.207801	22.759340
2.210993	22.486835
2.214310	22.170127
2.216782	21.868376
2.220089	21.554279
2.223239	21.248745
2.225230	21.250208
2.227339	20.923044
2.231481	20.352744
2.233614	20.378295
2.238232	19.813927
2.240368	19.560457
2.242896	19.549722
2.246008	19.241660
2.249502	18.926554
2.252800	18.611090
2.255881	18.252889
2.257941	17.904632
2.261458	17.526414
2.264583	17.131270
2.270051	16.987006
2.282721	14.683649
2.286112	13.376596
2.288301	12.722377
2.291445	12.090359
2.296199	11.533635
2.297478	11.434560
2.300685	10.314003
2.303781	9.987116
2.306864	9.751925
2.311472	9.565108
2.313606	9.385008
2.315730	9.238286
2.319262	9.104703
2.322345	8.952973
2.325841	8.839331
2.327786	8.931430
2.331292	8.650035
2.335497	8.608497
2.338026	8.594231
2.341445	8.636965
2.344509	8.669619
2.345530	8.866588
2.348543	8.972244
2.351652	9.034202
2.355891	9.006997
2.357799	9.120672
2.360867	9.148688
2.364123	9.136233
2.367348	9.027503
2.370690	8.975140
2.373031	8.985608
2.382777	8.710734
2.386012	8.638500
2.387871	8.627269
2.390957	8.497960
2.394149	8.450459
2.396630	8.425016
2.399705	8.422423
2.402198	8.449627
2.405454	8.420647
2.408495	8.426289
2.412606	8.429246
2.414955	8.427191
2.417003	8.403503
2.420088	8.370134
2.424676	8.310373
2.427924	8.245836
2.429951	8.182957
2.433092	8.119315
2.436669	8.058323
2.441087	7.992422
2.442002	7.928741
2.445488	7.878425
2.448754	7.850318
2.450983	7.783089
2.454376	7.739092
2.457455	7.683782
2.460561	7.644885
2.463641	7.577521
2.466752	7.535044
2.470254	7.471425
2.472259	7.414727
2.475678	7.367434
2.485422	7.209621
2.487943	7.160480
2.492066	7.079590
2.494136	7.037291
2.496490	7.009692
2.500008	7.002799
2.502431	7.030616
2.505564	7.046771
2.508495	7.035168
2.511666	7.028917
2.513988	7.007480
2.517502	7.004614
2.520770	6.988921
2.522740	6.954022
2.526830	6.959087
2.528991	6.935498
2.532198	6.922989
2.534196	6.876792
2.538427	6.888120
2.542195	6.844717
2.544246	6.891615
2.547435	6.845907
2.551061	6.822345
2.558432	6.791892
2.559464	6.719233
2.568527	6.714565
2.569559	6.676079
2.572741	6.638976
2.574679	6.574293
2.578792	6.545590
2.584528	6.506978
2.587624	6.467732
2.594378	6.303472
2.596370	6.248826
2.600985	6.188170
2.603272	6.136011
2.605781	6.093327
2.608838	6.064621
2.612164	6.018404
2.615250	5.986562
2.617570	5.957544
2.620827	5.928083
2.624003	5.912371
2.627042	5.902365
2.629089	5.892992
2.633313	5.883978
2.635848	5.875098
2.639376	5.879640
2.643797	5.880472
2.644789	5.910086
2.648042	5.901771
2.651228	5.924697
2.654404	5.962317
2.657034	6.015482
2.660070	6.080731
2.662103	6.150731
2.666593	6.214231
2.668665	6.270041
2.672659	6.328464
2.674935	6.372945
2.679213	6.395025
2.680230	6.412294
2.692701	6.465613
2.694683	6.373577
2.697929	6.329679
2.700959	6.274391
2.705046	6.215886
2.707775	6.150784
2.710793	6.093896
2.712844	6.027468
2.717053	5.972350
2.719070	5.924927
2.722572	5.893652
2.724584	5.874383
2.728870	5.887012
2.731322	5.918736
2.735369	5.995851
2.737364	6.073250
2.740597	6.186902
2.744924	6.317826
2.745905	6.454397
2.748410	6.624268
2.754410	6.911751
2.755438	7.043042
2.758485	7.169806
2.762503	7.510283
2.763828	7.748288
2.767260	7.979595
2.770575	8.178481
2.772590	8.361496
2.777799	8.504497
2.778807	8.633080
2.781849	8.633301
2.795346	9.406469
2.796721	9.623634
2.799742	9.859659
2.803081	10.068862
2.806135	10.313682
2.809833	10.805896
2.813000	10.852619
2.814012	10.922176
2.817032	11.221513
2.820179	11.848119
2.823221	12.187582
2.827326	12.560333
2.829341	12.972029
2.833637	13.378708
2.835670	13.801475
2.837709	13.963657
2.841844	14.429379
2.845903	15.260362
2.847935	15.806296
2.850952	16.374276
2.854074	16.892939
2.857088	17.452298
2.861410	18.040813
2.863427	18.568376
2.865578	19.109078
2.869605	19.666712
2.871778	19.760429
2.874802	20.692894
2.877825	21.218192
2.881849	21.794014
2.883935	22.294309
2.896341	24.109295
2.897309	24.317324
2.898318	24.398122
2.902566	25.485275
2.904577	26.009450
2.908599	26.540021
2.911621	27.106869
2.913645	27.620571
2.917660	28.128319
2.920678	28.686206
2.923732	29.203189
2.925742	29.244417
2.929801	30.237276
2.931782	30.747245
2.934807	31.256817
2.938826	31.753395
2.940838	32.288952
2.944865	32.779166
2.945916	32.793697
2.950087	33.791425
2.952771	34.242471
2.956478	34.702259
2.958591	34.699163
2.962447	35.597581
2.965060	36.137051
2.967714	36.635249
2.971904	37.204289
2.974088	37.824151
2.977785	38.389390
2.983018	39.056709
2.984607	39.690612
2.986178	40.422496
2.996087	41.235908
2.997127	42.568580
2.998196	42.685638
3.000867	44.128534
3.004957	44.845147
3.008003	45.561429
3.011523	46.347252
3.013982	47.045562
3.016411	47.720448
3.019653	48.458092
3.021740	49.120709
3.025835	49.777100
3.028845	50.510833
3.030836	51.177001
3.033887	51.889520
3.037873	52.593961
3.040923	53.426517
3.045962	54.158094
3.046965	54.904616
3.050089	55.822219
3.052793	56.554176
3.055944	57.292119
3.058549	58.128149
3.061783	58.892718
3.065422	59.621882
3.068043	60.389078
3.071248	61.207557
3.073693	61.913835
3.079937	63.296000
3.080958	63.326599
3.082959	64.004780
3.086110	64.727503
3.089200	65.455976
3.098372	66.128543
3.099391	66.134227
3.101436	67.984543
3.103824	68.633531
3.105834	69.255340
3.110986	70.528746
3.113364	70.514022
3.116649	71.726833
3.117701	71.710855
3.121775	72.263500
3.123795	72.807086
3.126819	73.351636
3.130184	73.945324
3.134466	74.491430
3.136533	75.044140
3.138747	75.651866
3.145920	76.795786
3.150300	77.987959
3.152370	77.993535
3.154496	78.558896
3.157595	79.132739
3.160891	79.789261
3.162920	80.382893
3.166189	80.974464
3.169305	81.622392
3.173424	82.229396
3.180810	83.463076
3.182826	84.044971
3.185105	84.681363
3.187116	85.340396
3.191169	85.907644
3.201504	86.484662
3.203535	87.584766
3.204526	88.670945
3.207545	88.669253
3.211636	89.410277
3.213655	90.517425
3.218647	91.153609
3.220752	91.686071
3.222927	92.285273
3.228298	92.849810
3.229310	93.437577
3.232574	94.040413
3.235704	94.618187
3.240940	95.771322
3.245125	96.339961
3.248241	96.973720
3.251307	97.534710
3.253475	98.056000
3.260906	99.103795
3.261899	99.086541
3.263308	99.523399
3.265917	100.051816
3.270867	101.098395
3.271869	101.061549
3.275109	101.504862
3.278449	101.998824
3.280861	102.408909
3.284153	102.850255
3.287307	103.301533
3.291405	103.671663
3.304546	105.726989
3.306666	105.498806
3.311414	106.299891
3.312449	106.278338
3.313585	106.680667
3.316673	107.066320
3.319974	107.496488
3.326382	108.249620
3.328418	108.751713
3.331582	109.184790
3.334735	109.611509
3.337797	110.092475
3.342036	110.546072
3.345648	111.332117
3.346656	111.480960
3.350313	111.895519
3.352428	112.263253
3.355099	112.608851
3.359178	112.940549
3.365211	113.440902
3.368229	113.690498
3.370240	113.883748
3.374265	114.068954
3.376277	114.084138
3.379296	114.400607
3.382352	114.528431
3.384327	114.539722
3.388663	114.723683
3.391682	114.734234
3.396715	114.794877
3.414349	114.566863
3.417566	114.497686
3.421667	114.169001
3.423735	114.020588
3.427854	113.855746
3.429976	113.698454
3.433074	113.527068
3.436080	113.329229
3.438209	113.354049
3.442310	113.153122
3.445457	112.709199
3.447581	112.402272
3.450723	112.424656
3.454084	111.868757
3.456242	111.574548
3.460522	111.300092
3.462554	111.323355
3.467786	110.719745
3.471409	110.445986
3.474641	110.166395
3.477286	109.834574
3.480909	109.566191
3.484061	108.937116
3.486631	108.558324
3.489775	108.169657
3.491887	108.168283
3.495145	107.728964
3.498819	107.206138
3.510492	104.839828
3.512764	104.806905
3.516396	104.251493
3.517289	104.214914
3.520331	103.610355
3.522339	103.061756
3.525749	102.510886
3.529910	101.365925
3.533545	100.771078
3.538777	99.518731
3.541570	98.893842
3.545316	98.296144
3.547315	98.224455
3.549990	97.533106
3.554597	96.391308
3.556629	95.730025
3.559355	95.654435
3.562943	94.531818
3.565430	93.811903
3.568484	93.120448
3.571150	93.061720
3.574397	91.508665
3.581196	90.492518
3.583632	89.695241
3.586325	88.782546
3.589306	87.854734
3.593167	86.771117
3.594993	86.061840
3.597976	85.295334
3.612366	81.269793
3.614462	81.277664
3.618224	81.271945
3.619636	80.454913
3.622509	79.683229
3.624446	78.919357
3.628842	78.148406
3.631152	77.491142
3.634454	76.730154
3.637158	75.931931
3.640104	75.188003
3.643804	73.768403
3.646349	73.679057
3.648493	72.857172
3.652069	72.046387
3.654516	71.261221
3.658535	70.408516
3.670809	67.112902
3.673294	66.285107
3.675018	65.348927
3.678251	64.545429
3.682792	63.679725
3.683986	63.564811
3.688905	61.887156
3.690073	61.791819
3.694239	60.293554
3.696371	60.203375
3.700325	58.720847
3.702573	58.649936
3.715584	53.391363
3.716738	53.330129
3.721793	53.175240
3.722891	53.075245
3.726259	52.213848
3.729185	51.468822
3.732945	50.712711
3.735527	49.855580
3.739525	49.070783
3.742308	48.295968
3.746209	47.456651
3.747425	46.706313
3.751094	45.931551
3.753508	45.164196
3.757268	44.324609
3.762618	42.895265
3.764992	42.079464
3.769100	41.306341
3.771637	40.558843
3.774083	39.723420
3.779552	38.946203
3.781274	38.240660
3.783861	37.394216
3.788356	36.573497
3.789291	35.859908
3.792627	35.127808
3.796484	34.344272
3.798633	33.666439
3.802572	33.000239
3.804987	32.297511
3.807493	31.714919
3.817918	31.191400
3.818999	30.207723
3.819925	29.785379
3.823060	29.216428
3.826774	28.618158
3.829709	28.015517
3.832166	27.393237
3.834733	27.233558
3.836732	25.900938
3.840398	25.699452
3.843045	25.007178
3.846961	23.719734
3.850100	23.023688
3.853855	22.362355
3.855059	21.689544
3.859368	21.077569
3.861775	20.553247
3.864346	20.030084
3.867833	19.615992
3.870446	19.240363
3.874693	18.913593
3.875858	18.991430
3.879020	18.287960
3.885797	18.089919
3.888212	17.372690
3.893066	17.060399
3.898833	16.373311
3.901242	16.068022
3.904031	15.730699
3.906008	15.429421
3.909803	15.157977
3.919647	14.447066
3.925064	14.138637
3.927211	14.029491
3.930708	13.974127
3.933594	13.935296
3.935867	13.878560
3.938618	13.867705
3.941780	13.890921
3.946983	13.898376
3.948208	14.073588
3.950560	14.148941
3.954891	14.078089
3.963155	14.335283
3.965960	14.270853
3.968386	14.285290
3.971343	14.272430
3.974774	14.181823
3.977015	14.142810
3.980907	13.988364
3.983665	13.791783
3.987211	13.439199
3.990174	13.173006
3.993803	13.015176
3.995660	12.712557
3.999290	12.566616
4.002252	12.104025
4.004347	11.814995
4.007940	11.508052
4.010718	11.424470
4.023459	10.756676
4.025931	10.758778
4.029079	10.266117
4.030270	10.184340
4.034395	10.018002
4.040504	9.969811
4.043397	10.059621
4.046459	10.055795
4.049324	10.058954
4.051741	10.071368
4.055289	10.045431
4.059110	10.076581
4.061145	10.143011
4.063793	10.172530
4.067618	10.195259
4.069784	10.188684
4.073546	10.113653
4.076381	10.106618
4.079435	10.035796
4.082013	9.946787
4.085490	9.754842
4.088007	9.697121
4.091813	9.464450
4.094468	9.391057
4.096387	9.230997
4.102744	8.953518
4.103952	8.893407
4.105102	8.708572
4.109737	8.528286
4.111702	8.373100
4.120675	8.219678
4.126000	7.923688
4.128899	7.790433
4.130585	7.884937
4.132878	7.986010
4.136901	7.923525
4.137999	7.957583
4.141062	8.002273
4.145870	8.043266
4.147650	8.064334
4.149666	8.083939
4.152867	8.095024
4.159018	8.116744
4.162260	8.099775
4.165311	8.042108
4.168314	7.972468
4.171814	7.885331
4.173823	7.775406
4.178880	7.659867
4.181220	7.545332
4.183486	7.401186
4.186660	7.236378
4.188702	7.085471
4.193893	6.911075
4.195971	6.742367
4.198072	6.579715
4.200673	6.415483
4.203826	6.252325
4.207162	6.095380
4.210803	5.970316
4.212846	5.857310
4.228741	5.685218
4.230320	5.742027
4.232345	5.738989
4.234577	5.826842
4.236947	5.960912
4.240274	6.086896
4.243250	6.201574
4.246481	6.322454
4.250057	6.417604
4.252221	6.514597
4.255817	6.611964
4.258926	6.673280
4.262064	6.722612
4.265214	6.761183
4.268291	6.790316
4.272809	6.819372
4.275081	6.827749
4.279392	6.845049
4.280382	6.817847
4.283536	6.811154
4.285521	6.776054
4.289929	6.768988
4.292529	6.750734
4.295742	6.729311
4.297785	6.714798
4.301029	6.703635
4.304219	6.691584
4.307769	6.675910
4.310130	6.651898
4.313157	6.658065
4.316502	6.636501
4.331524	6.643734
4.332489	6.614929
4.333492	6.604423
4.335528	6.606650
4.339697	6.628166
4.341691	6.618415
4.347284	6.660363
4.348301	6.642434
4.350604	6.645966
4.354752	6.695811
4.357102	6.700168
4.360604	6.697762
4.363248	6.687943
4.365382	6.647896
4.368408	6.620730
4.371558	6.586719
4.375676	6.555494
4.380044	6.499959
4.381784	6.431071
4.384107	6.359963
4.387633	6.293875
4.389620	6.250141
4.394051	6.189479
4.396387	6.135526
4.399323	6.062651
4.402401	6.008244
4.406427	5.976772
4.408570	5.959391
4.413725	5.992403
4.418232	6.048694
4.421661	6.100787
4.427371	6.162534
4.430847	6.217276
4.431869	6.344185
4.432792	6.439628
4.436626	6.542772
4.438607	6.646203
4.442522	6.761603
4.446027	6.858153
4.448459	6.933142
4.450451	7.003974
4.453605	7.050504
4.456855	7.087945
4.460167	7.102899
4.462483	7.091623
4.465830	7.070061
4.469002	7.044152
4.472062	6.992254
4.475432	6.943502
4.478455	6.881283
4.483987	6.808942
4.485292	6.745234
4.487655	6.676631
4.490787	6.609842
4.494186	6.558379
4.496586	6.521179
4.499139	6.504500
4.502795	6.503759
4.506002	6.533754
4.509046	6.570273
4.512385	6.649322
4.514357	6.738578
4.517513	6.847965
4.519542	6.977705
4.523943	7.123269
4.529089	7.188092
4.536226	7.623291
4.537222	7.788021
4.538270	8.006037
4.541607	8.277259
4.544156	8.563031
4.549473	8.844299
4.551603	9.163800
4.555981	9.506902
4.558164	9.640562
4.563281	10.315890
4.564295	10.384837
4.565221	10.403240
4.569378	10.830191
4.571358	11.051077
4.574441	11.237664
4.578549	11.420259
4.580596	11.606263
4.584212	11.784344
4.587272	11.951692
4.589529	12.123257
4.592563	12.269199
4.596820	12.410541
4.600120	12.540113
4.603418	12.708366
4.605713	12.863654
4.609029	13.032786
4.612035	13.240083
4.615347	13.433197
4.617683	13.687037
4.620925	13.973593
4.624173	14.280358
4.626716	14.618812
4.632008	14.968379
4.637291	16.239662
4.641488	16.759249
4.646169	17.295598
4.647220	17.863688
4.651473	18.074039
4.654661	19.037931
4.656806	19.255492
4.659232	19.837607
4.661354	20.519247
4.666056	21.623963
4.669123	21.789738
4.671338	22.354894
4.675015	23.542569
4.679488	24.115357
4.685064	25.764565
4.687395	25.830529
4.689502	26.407793
4.696554	27.400402
4.697570	27.424225
4.698528	27.954463
4.701580	28.432801
4.705255	28.942254
4.708622	29.412342
4.712890	29.932858
4.714304	30.376502
4.718322	30.879888
4.720609	31.398437
4.723644	31.865123
4.726737	32.330762
4.737739	34.126856
4.739633	34.093952
4.740628	34.534653
4.744190	35.017744
4.746171	35.458916
4.749238	35.944059
4.753638	36.372769
4.755746	36.802742
4.758850	37.285027
4.763172	37.722149
4.765583	38.120325
4.768766	38.605367
4.770016	39.086690
4.773194	39.534879
4.777266	39.975382
4.781601	40.890326
4.783723	40.892460
4.785765	41.319055
4.789013	41.777097
4.791279	42.189662
4.795920	42.636675
4.797960	42.622798
4.801137	42.605994
4.804488	42.587638
4.806490	42.569467
4.810773	43.439949
4.812745	43.421506
4.816304	43.404973
4.818449	43.381156
4.821716	46.162104
4.824992	46.534730
4.828372	46.890108
4.831646	47.276759
4.840130	47.657980
4.841165	47.624465
4.843619	48.736932
4.845611	49.152532
4.848877	49.680545
4.851409	50.099540
4.854716	50.523608
4.858093	50.999257
4.861173	51.414602
4.863306	51.392648
4.867174	52.208525
4.870265	52.683850
4.872488	53.072033
4.875579	53.476322
4.879389	53.898024
4.881440	54.258416
4.884878	54.664310
4.888121	55.027005
4.891223	55.440072
4.893643	55.809836
4.897291	56.186594
4.912420	57.759948
4.913453	57.778903
4.931507	60.337426
4.934451	60.379875
4.943006	62.651140
4.944033	62.741822
4.947082	63.155069
4.948106	63.202379
4.951392	64.096559
4.954484	64.554607
4.956908	64.598796
4.960059	65.080559
4.963125	65.906760
4.966336	66.376943
4.969649	66.893030
4.971629	67.375393
4.975971	67.870454
4.978946	68.403490
4.981090	68.876657
4.985245	69.362906
4.987429	69.901408
4.989619	70.360169
4.993942	70.843807
4.996011	71.302979
4.999366	71.352727
5.001929	71.408274
5.007151	73.190899
5.008173	73.233798
5.013677	74.137018
5.014578	74.177469
5.018380	74.739676
5.019223	75.185903
5.023568	75.671574
5.026701	76.146888
5.030233	76.684101
5.032448	77.136110
5.034478	77.656316
5.047021	79.424083
5.048107	79.477991
5.050326	79.954707
5.053914	80.837706
5.056106	80.846642
5.058661	81.354305
5.062917	81.815735
5.065077	82.242383
5.069042	82.739867
5.070439	83.189900
5.073578	83.673607
5.076157	84.117542
5.079259	84.596541
5.082269	85.042478
5.086391	85.491826
5.088547	85.985715
5.091611	86.481788
5.097056	87.449010
5.098162	87.446991
5.100136	87.913158
5.105656	88.876750
5.106681	88.873533
5.109698	89.345278
5.112804	89.812932
5.116383	90.307645
5.119475	90.843490
5.121882	91.288405
5.125310	91.758983
5.128418	92.275023
5.130428	92.761994
5.133526	93.246874
5.136762	93.796167
5.152050	96.186695
5.154289	96.650714
5.157562	97.179812
5.160828	97.635777
5.162803	98.106456
5.166314	98.619446
5.169439	99.100678
5.172692	99.579620
5.176153	100.043602
5.180549	100.971028
5.181584	100.973300
5.185483	101.948179
5.186425	101.947545
5.189522	102.378184
5.193594	102.807710
5.196526	103.270809
5.198582	103.691511
5.202179	104.095139
5.204717	104.493434
5.208311	104.936035
5.210358	104.922515
5.213791	105.313746
5.217455	105.693488
5.219458	106.162517
5.223745	106.923770
5.225732	107.322634
5.229828	107.685225
5.232312	108.047464
5.235385	108.432854
5.240679	108.772934
5.250452	110.014145
5.252130	110.103437
5.257033	110.434683
5.264671	111.503643
5.266639	111.883708
5.270645	112.547953
5.274820	112.916545
5.276761	113.300117
5.280428	113.489524
5.283699	113.887432
5.286325	114.303107
5.288974	114.749496
5.293353	115.398842
5.294452	115.550048
5.298942	116.199557
5.301328	116.564349
5.303993	116.895011
5.307527	117.195192
5.310545	117.477975
5.315139	117.718523
5.316155	117.779602
5.318484	118.012369
5.322162	118.205564
5.324836	118.374204
5.331316	118.639294
5.335230	118.778684
5.336464	118.794896
5.340326	118.824918
5.343036	118.813060
5.358928	118.725080
5.361804	118.685578
5.364219	118.658205
5.365447	118.637313
5.369786	118.608302
5.373542	118.512925
5.377624	118.491762
5.378532	118.568226
5.381512	118.570015
5.384468	118.549973
5.386416	118.500063
5.390468	118.467814
5.392881	118.439417
5.397577	118.404085
5.398567	118.365940
5.402210	118.304611
5.404984	118.231704
5.407583	118.127370
5.410280	118.032757
5.414828	117.828226
5.417977	117.820684
5.419533	117.541088
5.423407	117.514125
5.424433	117.497828
5.428130	117.352157
5.434485	116.929926
5.437380	116.901187
5.441304	116.576766
5.443249	116.404543
5.455029	116.204997
5.458487	115.528881
5.461108	115.372794
5.464541	115.186818
5.467496	114.997013
5.470253	114.785370
5.473359	114.560339
5.475975	114.526854
5.478689	114.263295
5.481616	114.031673
5.484946	113.588308
5.486990	113.546168
5.491150	113.313539
5.493764	113.077699
5.498190	112.645841
5.498865	112.609861
5.502549	112.207046
5.508816	111.893179
5.511686	111.646559
5.515569	111.148246
5.516735	111.089871
5.520665	110.784935
5.523310	110.478144
5.527115	110.103691
5.530174	109.774176
5.531150	109.440429
5.535453	109.030054
5.539303	108.667846
5.542193	108.303396
5.544525	107.918758
5.548310	107.526517
5.561618	104.976321
5.564519	104.903170
5.566960	104.323189
5.570948	103.243679
5.573441	103.144682
5.575781	102.482015
5.580361	101.868258
5.581531	101.287643
5.586554	100.547742
5.587532	99.931376
5.591397	99.306563
5.594233	98.628245
5.598169	98.016087
5.601089	97.421238
5.604404	96.259761
5.606562	96.134738
5.610783	95.532131
5.615149	94.433242
5.616761	93.856411
5.619886	93.275287
5.622471	92.705386
5.625395	92.676077
5.630537	91.523428
5.631951	91.522466
5.634603	90.357160
5.638245	89.847084
5.641068	89.315775
5.643959	88.719874
5.647847	88.190774
5.649300	88.168304
5.660157	85.242741
5.664423	85.014644
5.666987	84.163285
5.669966	82.632010
5.672876	82.553646
5.676746	81.158880
5.681200	80.530657
5.682906	79.877078
5.685907	79.301374
5.688795	79.256609
5.691296	78.733209
5.694017	78.221701
5.698192	77.657879
5.701090	76.644293
5.703657	76.103419
5.706106	75.640450
5.710087	75.166104
5.714103	74.641579
5.716096	74.180201
5.717333	74.215818
5.722159	73.237595
5.725034	72.678470
5.728301	72.134426
5.731118	71.572738
5.733532	70.952734
5.736390	70.391257
5.740165	69.819927
5.741942	69.756906
5.746381	68.655323
5.747362	68.580501
5.752097	67.445902
5.759110	67.349206
5.761607	64.507543
5.764105	64.405451
5.765052	64.294597
5.766268	64.184947
5.770081	63.366568
5.772919	62.550953
5.775440	61.799989
5.781678	60.233538
5.784018	59.445353
5.787010	58.749201
5.789968	58.066319
5.794387	57.383147
5.797252	57.279532
5.799941	56.222126
5.802399	55.580744
5.805521	55.050651
5.808293	54.535869
5.812375	54.061722
5.815159	53.568203
5.818055	53.155312
5.820142	53.213174
5.823110	52.368905
5.826891	52.000863
5.831227	51.628142
5.832384	51.186359
5.836284	50.757672
5.838991	50.742897
5.841567	49.369350
5.845559	49.322285
5.848466	48.789840
5.849705	48.727905
5.854569	47.714709
5.866300	46.953252
5.868843	45.162429
5.871524	44.626777
5.874329	44.074105
5.876774	43.581892
5.882102	42.993099
5.885937	42.033847
5.887633	41.965841
5.892456	41.060879
5.895530	40.528648
5.898197	40.081873
5.899340	40.087856
5.903634	39.233895
5.906514	39.269169
5.909292	38.905462
5.914015	38.155651
5.915177	38.217279
5.917972	37.553883
5.921733	37.237321
5.924611	36.937641
5.929478	36.640647
5.930693	36.709140
5.933515	36.423536
5.936204	36.030225
5.940263	35.192328
5.943459	34.756123
5.947562	34.361257
5.950247	33.948835
5.951773	33.908135
5.955554	33.416747
5.972189	30.958739
5.973198	30.543601
5.977124	30.149793
5.981095	29.770185
5.982262	29.365708
5.986661	28.995086
5.989224	28.672958
5.991453	28.646732
5.995325	27.975768
6.007593	26.544274
6.011165	26.126345
6.015697	25.218454
6.019046	24.723122
6.022112	24.224665
6.024105	23.770045
6.027914	23.296516
6.030422	22.850365
6.034184	22.387876
6.037324	21.939935
6.039831	21.545568
6.043686	21.149299
6.048167	20.768635
6.049362	20.449251
6.052105	20.084320
6.055804	19.825403
6.058732	19.592956
6.066500	18.623907
6.073313	19.193609
6.075616	19.222511
6.079102	19.231442
6.083187	19.069147
6.085878	19.067862
6.089363	19.087548
6.092227	19.197476
6.095074	19.154144
6.097496	19.103483
6.102434	18.915443
6.107490	18.794882
6.108539	18.653738
6.112207	18.484201
6.115704	18.305167
6.118446	18.118067
6.121538	17.913604
6.124407	17.713759
6.126613	17.496165
6.130928	17.288114
6.134705	17.070478
6.135727	16.860382
6.139402	16.617392
6.141680	16.394199
6.144784	16.185049
6.148728	15.962574
6.150927	15.727905
6.155229	15.366192
6.159018	15.156379
6.161916	15.110288
6.172885	14.185259
6.174820	14.164313
6.181324	13.992050
6.182245	13.783076
6.184708	13.556277
6.187604	13.319604
6.190433	13.109263
6.193029	12.876393
6.198163	12.556094
6.199873	12.571889
6.202287	12.456877
6.205031	12.398014
6.207665	12.358998
6.212224	12.359508
6.215095	12.349540
6.216329	12.345259
6.221528	12.305756
6.224082	12.310382
6.226789	12.346150
6.230443	12.298983
6.234567	12.281909
6.235765	12.299418
6.238431	12.257690
6.240710	12.209594
6.246204	12.132260
6.249013	12.011534
6.251652	11.964378
6.254312	11.857461
6.263776	11.579601
6.264831	11.427967
6.266509	11.353325
6.273338	11.207454
6.275756	10.851933
6.280830	10.586032
6.282759	10.501531
6.284410	10.338754
6.286688	10.163447
6.289299	9.988921
6.292895	9.819386
6.295742	9.772052
6.299227	9.622056
6.302809	9.369620
6.305391	9.255531
6.307774	9.145863
6.310601	9.160856
6.314932	8.963506
6.317176	9.000833
6.320183	8.815975
6.321983	8.872589
6.325684	8.759654
6.328945	8.814656
6.331065	8.782568
6.334218	8.818553
6.337345	8.881665
6.340379	8.951043
6.343613	9.014226
6.346656	9.060239
6.348929	9.074946
6.352148	9.096876
6.355155	9.076876
6.359095	9.045789
6.361344	8.977798
6.364254	8.888736
6.367373	8.809732
6.384303	8.056596
6.388540	7.740562
6.391686	7.579737
6.394973	7.337800
6.397682	7.286779
6.400702	7.158677
6.403053	7.053148
6.406194	6.967035
6.409366	6.907462
6.412590	6.876523
6.416078	6.885733
6.418584	6.905305
6.421052	6.947049
6.424484	6.993500
6.428333	7.028350
6.430821	7.064840
6.433264	7.111623
6.436507	7.154364
6.439494	7.188692
6.442963	7.217113
6.445040	7.227188
6.450521	7.203036
6.451555	7.195274
6.454691	7.148693
6.458320	7.094492
6.460480	7.030181
6.464643	6.913252
6.466716	6.858807
6.470009	6.757864
6.475204	6.562593
6.478390	6.498666
6.485094	6.228832
6.487022	6.124467
6.490099	6.024796
6.493491	5.940820
6.498331	5.785576
6.499352	5.777102
6.502444	5.725807
6.504486	5.706513
6.508138	5.707980
6.510210	5.720799
6.514997	5.762339
6.517490	5.817014
6.520068	5.884217
6.522750	5.968151
6.525734	6.074769
6.528791	6.152872
6.532025	6.239503
6.534101	6.315406
6.539630	6.392609
6.540593	6.409338
6.543650	6.431129
6.546757	6.423859
6.549801	6.406698
6.553121	6.366479
6.555146	6.307663
6.563724	6.181120
6.566041	6.090820
6.567980	5.992730
6.571226	5.911008
6.580476	5.826136
6.581466	5.664264
6.582494	5.595751
6.585566	5.508018
6.589456	5.432252
6.592941	5.320098
6.596009	5.265848
6.598062	5.259452
6.600365	5.225559
6.603557	5.211006
6.608766	5.235394
6.609818	5.270746
6.614932	5.330428
6.616058	5.393452
6.619995	5.486115
6.622328	5.585916
6.625464	5.698959
6.629784	5.819326
6.631279	5.921843
6.634152	6.034571
6.637809	6.119753
6.640845	6.200096
6.644207	6.258974
6.647434	6.298794
6.649483	6.335378
6.653615	6.349352
6.654586	6.304783
6.659141	6.351588
6.661087	6.338428
6.665798	6.314848
6.667989	6.296541
6.669955	6.258039
6.674146	6.224021
6.684106	6.079134
6.689661	5.997336
6.691865	5.941644
6.693883	5.909949
6.697514	5.881564
6.700071	5.865060
6.704366	5.865184
6.707496	5.883931
6.710829	5.930745
6.713884	5.991991
6.714902	6.037209
6.717941	6.126708
6.721363	6.234473
6.724874	6.354989
6.727958	6.490110
6.729947	6.648945
6.734769	6.797660
6.737094	6.973168
6.740226	7.273121
6.743498	7.368637
6.745632	7.568071
6.749242	7.908705
6.752437	8.165459
6.755303	8.253947
6.758779	8.513703
6.761095	8.761481
6.764717	9.011936
6.767119	9.260809
6.770250	9.555959
6.772539	9.855700
6.775499	10.146685
6.782484	10.932612
6.786887	11.328913
6.788431	11.382136
6.791822	11.772433
6.795043	12.087918
6.798538	12.770610
6.799348	12.809248
6.803963	13.150171
6.807140	13.489907
6.810218	14.185314
6.812225	14.205689
6.815948	14.911556
6.819400	15.275511
6.821447	15.295864
6.824612	16.018054
6.826999	16.033675
6.830568	16.808684
6.832850	16.813209
6.836008	17.189551
6.839177	17.608835
6.842877	17.975626
6.846079	18.342378
6.848230	18.749201
6.851110	19.107474
6.854516	19.468742
6.857627	19.888780
6.860624	20.259575
6.865286	20.618877
6.866542	20.956069
6.869805	21.366142
6.876088	22.084154
6.879862	22.519090
6.893074	24.400591
6.894064	24.289563
6.898852	25.086658
6.902503	25.455580
6.904514	25.806264
6.907985	26.200826
6.911683	26.603506
6.914943	26.953917
6.917039	26.892138
6.919674	27.276363
6.922116	27.671969
6.926172	28.578785
6.930177	29.032980
6.931157	28.988083
6.934643	29.848485
6.938161	30.327515
6.940743	30.764040
6.943532	31.218254
6.947968	31.691221
6.952093	32.120946
6.954195	32.580130
6.956959	33.085861
6.959206	33.560782
6.962463	34.026632
6.965508	34.502031
6.969134	34.957260
6.971339	35.418351
6.973663	35.423721
6.978172	35.895778
6.990173	37.283616
6.991223	38.202600
6.992484	38.590148
6.994769	39.128477
6.998382	39.536271
7.000950	39.966549
7.003923	40.395188
7.005843	40.422739
7.009327	41.331716
7.013951	41.794555
7.020193	42.790245
7.022394	43.252890
7.025364	43.850087
7.028407	43.941184
7.031248	44.947668
7.034824	45.429185
7.037362	46.107592
7.039877	46.678194
7.043205	47.296076
7.045939	47.423383
7.050663	48.579161
7.051912	49.216411
7.055064	49.878455
7.057928	50.550612
7.062053	51.201288
7.064693	51.932542
7.066441	52.041541
7.073044	53.106963
7.074254	53.632471
7.075427	53.705869
7.080378	54.791683
7.081613	54.844571
7.096394	57.654646
7.098536	57.678948
7.099506	57.704033
7.103274	58.639410
7.109601	59.665720
7.112074	60.161565
7.115110	60.789139
7.118323	61.326599
7.121695	61.859212
7.124767	62.384368
7.126724	62.963672
7.130879	63.496258
7.134133	64.025907
7.136214	64.603225
7.139780	65.132671
7.141743	65.663728
7.146087	66.253094
7.148493	66.792428
7.151268	67.335629
7.154999	67.912630
7.156980	68.441942
7.160302	68.962419
7.164421	69.489943
7.168179	70.059495
7.171152	70.563019
7.173930	71.063266
7.176441	71.606602
7.180577	72.066394
7.184198	73.021108
7.185458	73.052402
7.198877	75.237904
7.200574	75.267789
7.203331	75.771122
7.206167	76.291456
7.209210	76.768142
7.210940	77.240095
7.213954	77.750206
7.217216	78.197544
7.220967	78.656309
7.224401	79.117034
7.226184	79.625282
7.229261	80.087627
7.233136	80.557403
7.237228	81.497300
7.238310	81.535602
7.241608	81.990585
7.244564	82.483079
7.248974	82.926927
7.251835	83.731753
7.254627	83.772576
7.256404	84.227403
7.259747	84.635557
7.264686	85.469042
7.265708	85.510990
7.268569	85.923168
7.271914	86.334981
7.276426	86.772442
7.279061	87.161373
7.283192	87.551145
7.289075	88.614799
7.298717	89.858743
7.301068	89.932734
7.302193	89.954288
7.305064	90.303406
7.309013	90.865335
7.311405	90.881860
7.315837	91.441688
7.316939	91.462315
7.320782	91.756089
7.323681	92.059041
7.326331	92.413587
7.330199	93.079435
7.333666	93.455782
7.335638	93.794980
7.336969	93.798582
7.340481	94.127247
7.345316	94.823488
7.349917	95.162277
7.351207	95.497516
7.352137	95.470788
7.356087	95.831971
7.358530	95.793906
7.363058	96.486901
7.365888	96.888334
7.369510	97.595657
7.370723	97.573717
7.373127	97.945479
7.376613	98.290711
7.382679	98.647751
7.383625	99.038866
7.387426	99.463237
7.389114	99.863372
7.391935	99.908608
7.405902	102.249271
7.410429	102.639650
7.416929	103.362258
7.418649	103.696064
7.421792	103.695919
7.424106	104.661860
7.427174	104.660419
7.432168	105.393218
7.433191	105.389676
7.436385	105.793300
7.439602	106.152883
7.442207	106.516653
7.446331	106.927477
7.450471	107.615057
7.451572	107.621636
7.454510	108.028680
7.459088	108.707136
7.461614	108.710573
7.465181	109.457244
7.467267	109.783156
7.470409	109.788536
7.472438	110.102413
7.476409	110.438433
7.479873	111.017586
7.482757	111.325838
7.485315	111.600184
7.487728	111.607305
7.491550	111.874785
7.494184	112.183935
7.508142	112.820382
7.509903	113.790307
7.510926	113.843670
7.515730	114.453472
7.517674	114.755025
7.520753	115.076503
7.524782	115.366095
7.525705	115.402007
7.529385	115.918904
7.534210	116.195670
7.535275	116.232757
7.539068	116.497800
7.541615	116.968551
7.544729	117.229307
7.548253	117.500823
7.550219	117.553448
7.553946	117.843545
7.556554	118.084521
7.560591	118.495723
7.569072	118.944036
7.572349	119.262765
7.575886	119.439066
7.577075	119.481304
7.582450	119.775881
7.583520	119.807765
7.586161	119.948029
7.591604	120.166280
7.593573	120.180866
7.594753	120.295952
7.601925	120.419713
7.604321	120.437804
7.609484	120.545103
7.610668	120.572762
7.618267	120.451702
7.619651	120.466814
7.622786	120.384619
7.626022	120.320311
7.628106	120.305531
7.632775	120.156708
7.635197	120.071799
7.637265	120.051012
7.640868	119.959694
7.643984	119.849833
7.647136	119.734628
7.650739	119.497566
7.652871	119.476003
7.656015	119.307166
7.659168	119.159624
7.661255	119.012599
7.665456	118.711472
7.667543	118.714708
7.670715	118.565421
7.673711	118.404577
7.677314	118.093560
7.683905	117.751147
7.684938	117.742380
7.688260	117.565975
7.694185	117.204883
7.695219	117.199323
7.698229	117.029446
7.706945	116.675055
7.707973	116.696616
7.709089	116.716882
7.713328	115.968091
7.715294	115.989102
7.718402	115.817424
7.721699	115.650561
7.725155	115.290555
7.727271	115.298961
7.731719	114.967552
7.734138	114.811539
7.737212	114.646168
7.739192	114.640714
7.743416	114.286803
7.746607	114.119124
7.749700	113.964430
7.751676	113.970617
7.756006	113.674455
7.757320	113.723672
7.760589	113.630153
7.764030	113.368538
7.767072	113.241424
7.770362	113.084832
7.772695	113.086071
7.775644	112.936094
7.781370	112.581215
7.784448	112.345812
7.787713	112.128932
7.789756	111.922335
7.792792	111.692737
7.796313	111.504096
7.799471	111.331984
7.815515	110.502796
7.816496	110.545466
7.818488	110.474057
7.822270	110.424366
7.826217	110.406125
7.828296	110.401944
7.833183	110.388543
7.834840	110.445030
7.838013	110.378449
7.841229	110.348921
7.844545	110.327090
7.846926	110.304658
7.850250	110.280266
7.852680	110.248768
7.856062	110.230571
7.858545	110.206446
7.862045	110.183515
7.865606	110.165468
7.868079	110.144134
7.870736	110.113054
7.874448	110.074803
7.876697	109.998679
7.880549	109.904294
7.882696	109.807808
7.885925	109.707759
7.888702	109.615133
7.891895	109.506847
7.899069	109.281771
7.901511	109.138615
7.903717	108.990267
7.916034	108.488872
7.918174	108.348591
7.922038	108.201798
7.924959	108.056934
7.927106	107.894928
7.931714	107.709378
7.933880	107.539501
7.937548	107.347965
7.940587	107.125260
7.943282	106.918988
7.945327	106.670436
7.949219	106.451627
7.951253	106.198691
7.955051	105.960471
7.958542	105.704115
7.966226	105.079395
7.968419	104.787783
7.972314	104.010879
7.973514	103.982095
7.976288	103.478327
7.980102	102.922578
7.983762	102.270718
7.985848	101.704275
7.988432	101.097611
7.991350	100.414103
7.994799	99.753753
7.999394	99.085264
8.000983	98.416064
8.004415	97.834208
8.006588	97.785056
8.018028	95.346989
8.019078	95.325006
8.022555	94.044897
8.023297	94.041162
8.027943	93.450133
8.030448	92.806013
8.033583	92.231544
8.037109	91.118386
8.039560	91.138743
8.042206	90.527186
8.045150	89.970994
8.049470	89.403940
8.051991	88.831026
8.053712	88.237584
8.057749	87.684237
8.061499	87.052922
8.066484	85.871749
8.068093	85.314159
8.069335	85.293767
8.073078	84.629642
8.075792	84.017911
8.078401	83.420245
8.083301	82.104831
8.084809	82.021294
8.092022	79.546836
8.093236	79.428698
8.099718	77.662459
8.103558	76.866362
8.107224	75.390882
8.108436	75.279280
8.120601	72.654059
8.121757	72.566604
8.123407	72.000746
8.125641	71.317931
8.129958	70.662238
8.132303	70.092619
8.134591	69.550126
8.138246	69.016119
8.143447	67.898082
8.146015	67.411866
8.147023	67.477346
8.150587	66.966689
8.153458	66.486549
8.157498	65.419630
8.160015	64.936297
8.163166	64.955634
8.166786	63.934625
8.168862	63.913282
8.172314	63.294946
8.174306	62.735990
8.176980	62.109303
8.180460	61.401903
8.186486	60.109546
8.188687	59.339378
8.189745	59.204689
8.193403	57.732712
8.197425	56.952209
8.199928	56.807191
8.203795	56.080812
8.205032	55.379579
8.207467	54.701616
8.216752	53.902347
8.222927	51.171841
8.225291	50.481249
8.228797	49.823293
8.233309	49.203269
8.234503	48.628610
8.238451	48.002436
8.239675	47.951831
8.243318	46.832832
8.246248	46.290528
8.249882	45.695277
8.252312	45.166492
8.254899	44.629755
8.257757	44.570900
8.260610	43.971764
8.264139	42.930587
8.268203	42.393392
8.270470	41.759700
8.273601	41.203267
8.276114	40.610430
8.279597	39.971695
8.286556	38.795063
8.289251	38.122092
8.291655	37.533514
8.294602	36.921207
8.298763	36.288823
8.299913	36.172774
8.304792	35.116962
8.307260	34.546085
8.309917	33.923701
8.314057	33.358876
8.322862	31.653552
8.324066	31.434621
8.325322	31.337536
8.327886	30.795015
8.332015	30.366714
8.334358	29.994349
8.336973	29.617726
8.340773	29.238159
8.343718	28.929696
8.356112	27.746465
8.357208	27.821386
8.358671	27.573468
8.361573	27.348079
8.364611	27.426107
8.367471	26.893496
8.369997	26.628228
8.372514	26.361637
8.376163	26.111618
8.380171	25.815942
8.382435	25.573775
8.385049	25.352864
8.387921	25.127100
8.391845	24.976456
8.394777	24.856446
8.397664	24.671324
8.400479	24.460638
8.407105	24.118443
8.409542	23.915827
8.412422	23.745233
8.416442	23.576675
8.423457	23.417207
8.426460	22.941217
8.427697	23.029023
8.430001	22.896124
8.432647	22.801240
8.435615	22.716533
8.438377	22.643498
8.442356	22.391109
8.445230	22.493627
8.448986	22.373780
8.451410	22.239419
8.455135	21.872204
8.456272	21.851928
8.459196	21.605777
8.462486	21.365515
8.468522	20.912857
8.469764	20.616426
8.472494	20.497971
8.475637	20.205286
8.480088	19.694675
8.482699	19.375767
8.485799	19.052737
8.487039	18.957053
8.491059	18.577289
8.493421	17.929567
8.496806	17.844603
8.501317	17.263164
8.502318	17.198822
8.505516	16.934214
8.508609	16.702288
8.512740	16.498386
8.515851	16.166993
8.517865	16.155640
8.531529	15.541664
8.533532	15.230689
8.535881	14.994339
8.537933	14.786260
8.542077	14.583724
8.544134	14.399338
8.547243	14.380779
8.551348	14.060588
8.553771	13.932760
8.556389	13.812518
8.558455	13.747216
8.562906	13.726391
8.566073	13.700933
8.567004	13.856280
8.572216	13.833490
8.574267	13.973179
8.576810	14.121483
8.582091	14.341806
8.583103	14.517821
8.586641	14.706886
8.589580	14.876344
8.593599	14.984105
8.601382	15.052737
8.604858	15.013577
8.608484	14.952799
8.611498	14.882386
8.614040	14.824089
8.617325	14.722935
8.619452	14.658601
8.629496	14.314694
8.632792	14.115655
8.633779	14.003174
8.637422	13.783260
8.640542	13.614471
8.644733	13.443567
8.646982	13.296018
8.648977	13.147793
8.652196	13.018171
8.655366	12.896222
8.658869	12.805697
8.660824	12.767252
8.665344	12.680177
8.667576	12.658568
8.670598	12.673512
8.673684	12.715372
8.676748	12.768362
8.679957	12.829953
8.686316	13.008204
8.688445	13.109789
8.691521	13.215138
8.693515	13.319262
8.699797	13.432700
8.701263	13.515796
8.704366	13.623699
8.706376	13.660793
8.709910	13.726962
8.713625	13.816203
8.716634	13.797120
8.718807	13.812415
8.722922	13.825527
8.732085	13.776027
8.733102	13.519369
8.736167	13.385320
8.739222	13.185876
8.742329	13.105514
8.745641	12.882350
8.748660	12.817091
8.751822	12.690537
8.755327	12.502775
8.757320	12.457782
8.760529	12.364220
8.763620	12.278765
8.766906	12.154341
8.770261	12.125233
8.773337	12.128246
8.775721	12.183281
8.778787	12.215498
8.783299	12.254821
8.785610	12.322657
8.788046	12.389870
8.791087	12.439500
8.794377	12.493580
8.797453	12.538453
8.799516	12.556874
8.807136	12.590481
8.809464	12.561766
8.811477	12.547506
8.814547	12.519535
8.817643	12.489384
8.820840	12.431875
8.823156	12.360957
8.833327	12.212174
8.834921	11.958218
8.839388	11.778290
8.840393	11.705926
8.843527	11.594332
8.849353	11.437620
8.850356	11.392177
8.852429	11.300095
8.856064	11.199337
8.859441	11.125115
8.861490	11.059494
8.866168	10.989938
8.868488	10.940799
8.870609	10.899647
8.874178	10.864214
8.877728	10.831776
8.880314	10.822636
8.883347	10.819614
8.885614	10.815736
8.889770	10.817817
8.891969	10.858546
8.895026	10.827813
8.899264	10.867702
8.901303	10.872983
8.904499	10.844411
8.906976	10.884559
8.910052	10.928356
8.913124	10.972413
8.918373	11.013403
8.939353	11.618744
8.940377	11.682014
8.943598	11.823978
8.945683	11.970511
8.950256	12.133883
8.951277	12.284452
8.954650	12.465524
8.956745	12.642458
8.961003	12.818600
8.962983	13.003786
8.967320	13.181217
8.969420	13.368470
8.973549	13.567461
8.975507	13.777897
8.979624	14.018560
8.983183	14.242126
8.984117	14.508191
8.987198	14.787846
8.990263	15.087562
8.994051	15.421193
8.996442	15.755528
9.000050	16.113090
9.003099	16.459118
9.006166	16.871789
9.008334	17.257475
9.011430	17.656657
9.015350	18.098178
9.017336	18.483802
9.021952	18.912655
9.023998	19.334383
9.027063	19.717857
9.030860	20.115422
9.035367	20.534710
9.038380	20.637219
9.041452	21.577061
9.044679	21.996128
9.048105	22.376286
9.051196	22.750710
9.054411	23.150329
9.056556	23.503786
9.059840	23.860137
9.061913	24.247852
9.066444	24.594060
9.068508	24.922471
9.072263	25.253115
9.075475	25.617374
9.077590	25.944222
9.084929	26.552857
9.085936	26.540690
9.089271	27.132212
9.092539	27.452466
9.095590	27.754304
9.098738	27.734182
9.103245	28.337715
9.105448	28.655993
9.107522	28.968164
9.110672	29.220192
9.113911	29.515571
9.116900	29.785521
9.118963	29.753859
9.123282	30.470510
9.125271	30.879765
9.128536	31.276770
9.142329	33.349857
9.143399	33.375850
9.147030	33.798149
9.149489	34.304696
9.152563	34.862340
9.155638	35.347281
9.158649	35.848093
9.162055	36.357913
9.165160	36.932474
9.167446	37.426463
9.170887	37.953495
9.172853	38.505746
9.175948	38.992581
9.179040	39.475812
9.182136	39.969320
9.185220	40.420338
9.188272	40.860311
9.191328	41.302223
9.194431	41.753607
9.200607	42.601420
9.203926	43.045770
9.206345	43.478249
9.209437	43.943033
9.212883	44.453785
9.216975	44.946200
9.219292	45.431022
9.222552	45.975358
9.225178	46.474410
9.228370	46.986556
9.231518	47.518199
9.235634	47.558724
9.242888	50.146424
9.246010	50.200555
9.250091	51.291834
9.251103	51.328557
9.256057	52.452271
9.258569	52.968863
9.260472	52.997421
9.263912	53.574510
9.267554	54.068779
9.269501	54.548723
9.272794	55.130707
9.274734	55.599486
9.277788	56.058323
9.283503	56.994040
9.284830	56.986353
9.286962	57.432371
9.291810	58.406251
9.292776	58.401681
9.300941	58.890849
9.303914	59.892129
9.307193	60.423267
9.312555	61.499552
9.316830	61.996441
9.318788	62.536005
9.322936	63.554498
9.323943	63.578636
9.327367	64.069798
9.329884	64.537600
9.333071	65.050595
9.336787	65.503019
9.351509	67.678191
9.353881	68.172242
9.355856	68.625562
9.358940	69.044423
9.362022	69.493730
9.366333	69.900724
9.368350	70.299817
9.372677	70.750746
9.374727	71.159014
9.377802	71.573467
9.380153	71.984908
9.386504	72.860983
9.387581	72.866953
9.389855	73.314949
9.392993	73.834916
9.396122	74.291109
9.401516	75.239657
9.403916	75.721032
9.407451	76.169268
9.409552	76.715485
9.414323	77.181993
9.417807	77.665939
9.420949	78.154822
9.422963	79.250311
9.426040	79.288211
9.429198	79.757227
9.432514	80.284408
9.435792	80.760488
9.439252	81.234480
9.447772	82.129838
9.452899	82.691359
9.456286	84.006215
9.459356	84.442074
9.461898	84.932190
9.465283	84.952351
9.468589	85.385646
9.470807	86.258582
9.474391	86.674770
9.476375	86.670596
9.479872	87.532337
9.482886	87.521372
9.486181	87.912574
9.489599	88.686533
9.491570	88.669129
9.494619	89.092685
9.497717	89.478432
9.502182	90.256494
9.504597	90.683641
9.507661	91.083309
9.513712	91.907507
9.516900	92.711466
9.522308	93.152003
9.525661	93.563817
9.527943	93.972755
9.531125	94.436489
9.535615	94.831606
9.536616	95.269308
9.539607	95.293998
9.552039	96.994125
9.554986	97.462533
9.558287	98.281005
9.560299	98.317297
9.563616	99.224009
9.567304	99.658251
9.568257	99.684977
9.573600	100.555645
9.577952	100.979172
9.578968	101.444061
9.583261	101.865790
9.585776	102.270299
9.588217	102.675784
9.591468	103.136045
9.594566	103.543943
9.598069	103.945878
9.600125	104.381717
9.604702	104.775104
9.606982	105.143729
9.608967	105.563762
9.613402	105.930133
9.616512	106.298024
9.617619	106.656679
9.621741	107.086955
9.624898	107.466768
9.628025	107.838353
9.631243	108.267361
9.633627	108.658094
9.636891	109.049106
9.640183	109.475098
9.642165	109.485500
9.654069	110.192330
9.655321	111.245033
9.657315	111.588128
9.660692	111.997425
9.661643	112.007570
9.665931	112.685824
9.669538	113.056022
9.672706	113.374230
9.674940	113.666188
9.677030	113.669431
9.680372	113.948925
9.683921	114.203934
9.685895	114.419177
9.692824	114.855261
9.695757	115.255067
9.699324	115.477194
9.701375	115.693554
9.706735	115.922772
9.709031	116.183290
9.711261	116.428189
9.715720	116.664646
9.718172	116.877136
9.720110	117.130001
9.723489	117.343354
9.726674	117.526813
9.730460	117.692682
9.733625	117.835407
9.735691	117.974562
9.739299	118.115252
9.741877	118.228832
9.744780	118.362073
9.760456	119.020662
9.761530	119.070381
9.764976	119.237711
9.768050	119.351863
9.772221	119.435350
9.773186	119.484800
9.777664	119.546604
9.780742	119.553255
9.782712	119.588098
9.785849	119.433948
9.790070	119.375453
9.791077	119.418614
9.794551	119.276276
9.796591	119.329546
9.802983	119.225807
9.804097	119.252528
9.807464	119.134698
9.809506	119.165193
9.812567	119.094906
9.814596	118.997616
9.819075	118.755069
9.820047	118.783244
9.824413	118.674741
9.826381	118.559965
9.830709	118.423026
9.833829	118.154391
9.835796	118.169628
9.839349	118.012347
9.842478	117.866713
9.845503	117.710027
9.848598	117.545177
9.867449	116.244405
9.871977	115.534039
9.873141	115.175970
9.880845	114.392003
9.882906	114.001858
9.889088	113.125106
9.892358	112.699822
9.894405	112.255008
9.897997	111.798400
9.901529	111.381003
9.903488	110.955525
9.906553	110.521996
9.909650	110.029172
9.912793	109.590729
9.916424	109.143763
9.918384	108.683085
9.921988	108.220194
9.924518	107.779762
9.928222	107.246084
9.931808	106.780379
9.934314	106.343440
9.937286	105.888229
9.939415	105.411504
9.946120	104.522261
9.949287	104.036612
9.951327	103.612818
9.962236	101.874336
9.967094	101.262282
9.971232	100.175571
9.974516	99.591605
9.977624	98.759746
9.979577	98.662353
9.983997	97.194127
9.986068	97.102748
9.988509	96.211590
9.991499	95.434466
9.996146	94.088252
9.998528	93.411978
10.001675	92.848955
10.003635	92.277817
10.006881	91.659386
10.010195	91.063889
10.013286	90.462515
10.018022	89.808561
10.019291	89.256151
10.021809	88.703019
10.024866	88.164643
10.027149	88.170159
10.030246	87.572635
10.033351	87.020968
10.036420	86.511428
10.039984	85.847207
10.043393	85.287563
10.046529	84.716708
10.050724	83.555062
10.051744	83.513989
10.062517	81.297272
10.063597	81.138386
10.065677	81.040332
10.067711	79.824834
10.070866	79.174196
10.072924	79.053767
10.075338	78.416776
10.078357	77.641770
10.081497	76.957564
10.083591	76.177224
10.086749	75.358430
10.089795	74.383512
10.093137	73.397916
10.096399	72.438587
10.099669	70.592506
10.101718	70.436491
10.104808	69.443592
10.107857	68.418065
10.111337	67.697091
10.114606	67.039446
10.116923	66.472791
10.121349	65.404240
10.124393	64.902997
10.125397	64.964617
10.129569	63.910725
10.136707	62.901957
10.139006	62.440139
10.142159	61.978336
10.144327	62.055434
10.148517	61.551489
10.150835	60.995478
10.153983	59.981566
10.157233	59.959281
10.167024	57.661753
10.168031	57.519274
10.169188	57.446488
10.171129	57.347800
10.174408	56.372092
10.177547	55.777227
10.181838	55.242826
10.183867	54.719060
10.186945	54.147716
10.189257	53.596616
10.192613	53.033844
10.195839	52.368932
10.199249	52.330770
10.201833	51.200263
10.204902	50.557541
10.207269	49.907007
10.210734	49.242361
10.212761	48.538257
10.217246	47.757554
10.219769	47.069888
10.222872	46.439626
10.224795	46.450171
10.227876	45.813508
10.231049	45.273492
10.235307	44.790206
10.237600	44.332846
10.239953	43.813044
10.243032	42.905602
10.247281	42.414057
10.249303	42.400979
10.252715	41.504677
10.255712	41.448777
10.259006	40.898893
10.267439	40.171461
10.270772	38.442945
10.272700	37.892335
10.275813	37.322788
10.278913	36.806816
10.282006	36.688764
10.285352	35.824212
10.287636	35.347612
10.290735	34.907259
10.294895	34.468300
10.296863	33.998336
10.300652	33.582091
10.303811	33.203088
10.305756	32.740528
10.310018	32.357866
10.312336	31.982081
10.315912	31.591686
10.319172	31.260921
10.321217	30.891391
10.323491	30.952712
10.326586	30.623587
10.329977	29.852431
10.334049	29.529977
10.336365	29.157189
10.339871	28.843660
10.341871	28.943441
10.345695	28.213588
10.348877	28.295689
10.352455	27.628663
10.354578	27.689334
10.356570	27.719511
10.360163	26.683872
10.370634	25.508127
10.371613	25.480637
10.373780	25.456404
10.374735	25.413095
10.377962	24.783851
10.381328	24.472836
10.384470	24.158275
10.388025	23.901055
10.389996	23.664490
10.393155	23.474039
10.396671	23.291239
10.398655	23.392405
10.402996	23.301022
10.405017	23.025805
10.408390	23.194215
10.411353	22.946360
10.414437	22.886826
10.419155	22.825996
10.420198	22.918901
10.423370	22.758068
10.426950	22.315937
10.429207	22.299308
10.432563	22.045096
10.434539	21.753979
10.437694	21.422033
10.441257	21.061425
10.444781	20.670746
10.446845	20.290120
10.450967	19.926048
10.454316	19.602979
10.456614	19.235827
10.458681	18.946890
10.463497	18.657519
10.472099	18.368905
10.475141	17.755833
10.476101	17.744541
10.480558	17.588181
10.483583	17.439687
10.486802	17.155203
10.488831	17.142493
10.492368	16.988414
10.495473	16.832132
10.497870	16.654221
10.501331	16.478138
10.504508	16.292335
10.507988	16.073883
10.510060	15.867023
10.513931	15.425899
10.518444	15.175868
10.519523	15.109430
10.522602	14.649149
10.524584	14.562488
10.526648	14.273115
10.529687	14.002117
10.533998	13.726809
10.537170	13.466430
10.539100	13.210761
10.543368	12.958110
10.547461	12.532838
10.550501	12.342506
10.551620	12.337803
10.556120	12.186946
10.559546	11.913863
10.561491	11.997494
10.565894	11.958187
10.574598	12.052074
10.576795	11.804099
10.578763	11.858729
10.581816	12.001765
10.586074	11.934747
10.589547	11.984033
10.592087	12.016814
10.595762	12.066511
10.597819	12.147480
10.601087	12.114982
10.604452	12.099168
10.606440	12.126736
10.609510	12.024380
10.612564	12.019790
10.618168	11.882448
10.619182	11.850266
10.621551	11.743632
10.624747	11.556629
10.627878	11.431938
10.631296	11.302269
10.634602	11.167185
10.637869	11.035693
10.640362	10.915519
10.642417	10.861152
10.646066	10.669378
10.648250	10.615597
10.653578	10.445727
10.657489	10.271059
10.658503	10.230602
10.662070	10.132105
10.663490	10.086167
10.668291	9.940460
10.679937	9.648226
10.682372	9.585380
10.684580	9.517080
10.688812	9.459908
10.690947	9.420117
10.694482	9.378744
10.697800	9.337524
10.701149	9.297572
10.703165	9.260271
10.705322	9.216373
10.709419	9.168931
10.711439	9.119213
10.715937	9.068723
10.718653	9.018073
10.720248	8.981133
10.723328	8.932815
10.726490	8.859219
10.729571	8.801131
10.733669	8.738559
10.735717	8.680255
10.742152	8.586066
10.745600	8.499832
10.748596	8.445500
10.751249	8.399873
10.754329	8.355310
10.757760	8.311441
10.759762	8.292248
10.763074	8.242719
10.766307	8.163223
10.769460	8.122348
10.778915	8.066517
10.786501	7.947060
10.789623	7.901083
10.792843	7.857280
10.796088	7.818768
10.799590	7.779099
10.801627	7.733654
10.805038	7.682353
10.807339	7.614217
10.810819	7.527017
10.813863	7.445247
10.819120	7.361339
10.820242	7.267510
10.824271	7.167936
10.826639	7.070451
10.829727	6.951484
10.832949	6.841807
10.835006	6.764309
10.838402	6.646857
10.841526	6.555408
10.844039	6.474236
10.847119	6.387136
10.851281	6.291909
10.853496	6.201221
10.855915	6.177290
10.859248	6.126073
10.862468	6.087462
10.865890	6.034729
10.868149	6.054740
10.871211	6.051628
10.881096	6.105457
10.883465	5.873160
10.885882	5.693557
10.888848	5.639590
10.890902	5.679007
10.895131	5.530640
10.897448	5.560499
10.900781	5.540390
10.904090	5.492612
10.907256	5.496464
10.910906	5.498459
10.913075	5.494070
10.916038	5.480115
10.919304	5.463828
10.922440	5.432139
10.925586	5.397864
10.927910	5.350078
10.931122	5.298167
10.934500	5.239676
10.936551	5.207747
10.939896	5.138595
10.943325	5.091413
10.945460	5.087481
10.948619	5.067464
10.952196	5.078929
10.955557	5.094533
10.957535	5.144776
10.961448	5.190068
10.964674	5.220879
10.967687	5.243430
10.969734	5.306148
10.974045	5.267971
10.986483	5.540905
10.987378	5.621532
10.990459	5.736235
10.993508	5.860582
10.996804	5.972998
11.000061	6.082360
11.002307	6.189159
11.005332	6.293548
11.008584	6.395764
11.011987	6.602215
11.016265	6.710178
11.018460	6.708684
11.022624	6.896418
11.027420	7.069827
11.029460	7.037411
11.032634	7.104373
11.035822	7.161812
11.038983	7.312608
11.042046	7.378063
11.045139	7.439303
11.049722	7.514466
11.051826	7.611351
11.054896	7.703266
11.057195	7.701285
11.060529	7.928262
11.062534	7.945558
11.068987	8.308479
11.069821	8.359096
11.072313	8.569398
11.075980	8.781421
11.090161	10.152213
11.093292	10.531872
11.096576	10.937557
11.099719	11.313131
11.103021	11.733657
11.105054	12.169738
11.109332	12.607228
11.111578	13.074487
11.114641	13.542953
11.118147	14.007904
11.120452	14.476963
11.123502	14.887742
11.126854	15.263864
11.128884	15.297284
11.132473	15.649781
11.136026	15.947439
11.138528	16.193743
11.141912	16.754131
11.143898	16.712529
11.147366	16.920970
11.150636	17.123331
11.152684	17.337183
11.157396	17.740520
11.159487	17.687442
11.162904	18.103164
11.165890	18.258166
11.167921	18.189546
11.171285	18.328556
11.174393	18.536381
11.177685	18.914239
11.180886	18.849854
11.191575	20.524869
11.198032	20.448605
11.199313	20.425989
11.201289	20.411139
11.203413	20.774497
11.208108	21.451473
11.210165	21.884538
11.213273	22.274561
11.216342	22.324211
11.220079	23.143859
11.222064	23.200910
11.225473	23.656067
11.229023	24.572705
11.231289	24.648102
11.234571	25.135269
11.237919	26.038974
11.240110	26.114336
11.243644	26.662977
11.246704	27.159740
11.249846	27.632607
11.253174	28.581546
11.255461	29.056674
11.259806	29.596207
11.262285	30.061045
11.264223	30.072011
11.268747	30.952041
11.271270	31.431385
11.274228	31.864633
11.276262	31.864794
11.279373	32.284561
11.282980	32.735823
11.291533	34.394687
11.293834	34.392019
11.297677	34.848695
11.302348	35.796748
11.303535	36.237140
11.306526	36.269839
11.309664	37.263660
11.311806	37.312393
11.315369	37.866699
11.318887	38.942536
11.320845	39.021940
11.324108	39.599522
11.327341	40.722824
11.331086	41.401072
11.335569	41.985937
11.336576	42.030356
11.338939	42.601828
11.343194	43.774096
11.345496	44.339117
11.348855	44.371972
11.352514	45.462284
11.354767	46.022321
11.356763	46.049579
11.360025	46.587153
11.363123	47.209991
11.366541	47.737401
11.369845	48.803372
11.374080	49.311000
11.375038	49.328084
11.378380	49.799369
11.381909	50.353057
11.385593	51.308545
11.395862	52.804804
11.399170	53.294911
11.401645	53.885182
11.404862	54.884614
11.407418	54.906769
11.410612	55.491499
11.413489	55.988920
11.418553	56.984831
11.419993	57.002536
11.422488	57.551927
11.426855	58.967553
11.428790	58.989815
11.432629	59.553209
11.435491	60.125743
11.438861	60.705153
11.441642	61.343742
11.444391	61.938589
11.447953	62.512753
11.450415	63.198432
11.453099	63.769092
11.458277	64.952461
11.459367	65.001237
11.462472	65.585454
11.466640	66.165937
11.469572	66.742954
11.471834	67.340363
11.481007	68.996244
11.485374	69.518028
11.486499	69.985736
11.496725	70.549493
11.498097	71.868901
11.501251	72.489305
11.505196	72.959294
11.508136	73.448039
11.510419	74.000692
11.513430	74.473253
11.517480	74.950130
11.519878	75.490636
11.522660	75.982836
11.525927	76.486771
11.528265	77.067326
11.529823	77.080725
11.536424	78.131969
11.540135	78.673517
11.541763	79.312841
11.542970	79.366914
11.546898	80.595929
11.549398	80.662433
11.552760	81.880882
11.555671	82.535373
11.558753	83.246164
11.561542	83.883123
11.564879	84.481887
11.569335	85.147001
11.570775	85.927540
11.573756	86.542768
11.576746	87.164450
11.579602	87.250886
11.583687	88.447329
11.586184	89.065176
11.588857	89.723996
11.600348	92.387157
11.607269	92.946900
11.609703	92.955700
11.613479	94.014340
11.614245	93.990819
11.618917	95.024786
11.619964	94.978558
11.623631	95.416917
11.627858	96.338900
11.629816	96.825084
11.636137	97.200573
11.639343	98.169725
11.642487	98.622782
11.645030	99.092287
11.649863	99.614189
11.652589	100.099392
11.654452	100.569589
11.657724	101.162854
11.660705	101.680315
11.663292	102.218115
11.665890	102.764229
11.671229	103.427589
11.672503	103.502850
11.676462	104.579004
11.678893	105.220845
11.682403	105.820071
11.684825	106.419908
11.687933	107.038350
11.691145	107.639891
11.704515	109.794607
11.705932	110.293254
11.707928	110.830020
11.711464	111.272052
11.714306	111.714228
11.719498	112.596557
11.720743	112.602421
11.724570	113.036390
11.726455	113.419679
11.730083	113.837276
11.733044	114.188526
11.735628	114.537798
11.738868	114.888978
11.742150	115.202272
11.745032	115.511730
11.747987	115.835612
11.751919	116.130996
11.753215	116.437129
11.756828	116.752287
11.759252	117.068371
11.761906	117.366491
11.764853	117.696315
11.769273	118.061869
11.777980	118.801543
11.780677	119.123750
11.783277	119.560829
11.787190	119.761326
11.788867	119.941260
11.792585	120.082435
11.796296	120.190076
11.803853	120.432676
11.806372	120.527465
11.808727	120.612260
11.809761	120.603686
11.813480	120.681975
11.816279	120.750287
11.819820	120.772284
11.822590	120.760681
11.825722	120.728097
11.828496	120.695339
11.829601	120.634773
11.834209	120.490122
11.844686	119.820939
11.847536	119.515668
11.848889	119.072921
11.852609	118.705040
11.853731	118.672879
11.858516	118.030705
11.859691	118.007731
11.863508	117.730319
11.866279	117.481150
11.869613	117.214872
11.872296	116.981155
11.876010	116.398349
11.878688	116.388997
11.882462	115.840715
11.887983	115.517006
11.891092	114.883043
11.893678	114.576332
11.897251	114.248954
11.906723	113.964282
11.910343	113.165790
11.911938	112.877476
11.914431	112.606735
11.917235	112.602813
11.920638	112.288016
11.923711	111.716656
11.926469	111.708387
11.930301	110.839103
11.932801	110.820532
11.936225	110.455725
11.938918	110.129478
11.941221	110.076387
11.945076	109.732452
11.948016	109.345419
11.952608	108.658076
11.955042	108.267590
11.957528	107.797131
11.960177	107.377016
11.962590	106.932649
11.971153	105.994165
11.973908	105.561815
11.976137	105.066706
11.979426	104.633857
11.982276	104.203847
11.986074	103.741794
11.988969	103.235054
11.994868	102.267112
11.997308	101.732282
12.000946	101.688406
12.008219	99.751421
12.009429	99.707667
12.011115	99.145786
12.014964	98.587326
12.020042	97.449521
12.022026	97.382583
12.024666	96.787200
12.025847	96.162257
12.030625	95.551938
12.032888	94.938068
12.036536	94.312982
12.040098	93.673226
12.045592	92.513592
12.048042	91.775836
12.053214	90.667613
12.054409	90.640424
12.060244	89.474169
12.062559	88.912004
12.066563	88.295195
12.069988	87.763005
12.072279	87.236909
12.076141	86.723648
12.079669	85.662026
12.082153	85.676877
12.086141	84.631284
12.087529	84.656651
12.091336	84.175036
12.095960	83.674036
12.097512	82.592055
12.099759	82.616956
12.102692	82.623609
12.111155	80.106935
12.114750	79.503919
12.116684	79.466959
12.120863	78.888848
12.123555	78.320536
12.126371	77.678767
12.129368	76.528549
12.132114	76.460325
12.135145	75.390956
12.138787	74.818763
12.141689	74.268229
12.144408	73.621046
12.147393	73.015737
12.149994	72.904015
12.155440	71.182636
12.157128	71.072517
12.159597	70.423690
12.162547	69.783462
12.165206	69.104306
12.170297	68.505744
12.174909	67.376030
12.177842	66.820138
12.179853	66.786012
12.185888	65.748309
12.187402	65.755646
12.189964	64.821300
12.192759	64.356745
12.195249	64.406069
12.199011	63.904001
12.203193	62.937743
12.205863	62.998865
12.213318	60.102858
12.216761	60.093992
12.220365	60.062986
12.222818	59.477441
12.226416	58.806552
12.229544	58.135978
12.231962	57.477070
12.236529	56.727231
12.237533	56.098723
12.241177	55.376630
12.243358	54.725779
12.246379	54.011502
12.249022	53.355601
12.253123	52.682911
12.256429	51.985378
12.258404	51.364306
12.263225	50.741246
12.265332	50.124122
12.269758	49.582776
12.270778	49.077506
12.274338	48.573791
12.276422	48.562930
12.279001	47.648040
12.283244	47.217085
12.286315	46.766171
12.288543	46.403603
12.291745	46.103589
12.294995	45.729191
12.298584	45.415753
12.300966	45.528030
12.304448	44.791128
12.318889	43.193217
12.320908	42.824694
12.323910	42.277986
12.326443	41.830560
12.329523	41.371869
12.333483	40.883801
12.336094	40.356209
12.339526	39.845674
12.342063	39.327490
12.345610	38.771065
12.347595	38.267281
12.351415	37.765747
12.353754	37.242900
12.356753	36.727710
12.360367	36.245063
12.362851	35.713476
12.366091	35.238587
12.369502	34.781024
12.371481	34.713770
12.374882	33.916728
12.377958	33.555816
12.382531	33.259446
12.383577	33.312238
12.386932	33.069187
12.390017	32.585590
12.393422	32.430320
12.396826	32.293313
12.402375	32.044974
12.405423	31.889087
12.408761	31.766245
12.418376	31.316706
12.419502	30.724395
12.422863	30.224668
12.424765	30.155391
12.427973	29.362766
12.431469	28.893067
12.436650	28.374081
12.437575	27.946553
12.440217	27.477927
12.443315	27.010118
12.446488	26.604551
12.449093	26.523718
12.452107	26.185878
12.455496	25.523569
12.458556	25.219108
12.460933	25.204759
12.464029	24.886255
12.469389	24.331961
12.471443	24.050195
12.473415	23.736639
12.476876	23.427718
12.479277	23.134087
12.483471	22.812910
12.485443	22.519586
12.489021	22.259554
12.492339	21.997122
12.495396	21.731221
12.498557	21.501506
12.502310	21.286944
12.504777	21.067850
12.507908	20.881810
12.511023	20.919132
12.525009	19.801947
12.528404	19.557196
12.530471	19.237185
12.533079	18.899429
12.536485	18.586082
12.539846	18.238186
12.542964	17.874521
12.545366	17.549798
12.548349	17.207060
12.552505	16.859934
12.554531	16.564659
12.558014	16.272827
12.560351	16.033818
12.563892	15.805353
12.566995	15.636664
12.570302	15.523034
12.572300	15.445077
12.577180	15.406615
12.579441	15.417354
12.581495	15.426460
12.585875	15.459531
12.589207	15.506407
12.591307	15.519223
12.594762	15.501399
12.597952	15.465372
12.600350	15.441176
12.602339	15.398790
12.605934	15.365177
12.608113	15.409997
12.611299	15.279204
12.622675	15.207618
12.625254	14.986675
12.626490	14.894350
12.629577	14.775909
12.631698	14.666113
12.635859	14.554476
12.639372	14.435718
12.641919	14.305218
12.645296	14.183234
12.647361	14.045786
12.651506	13.897019
12.657713	13.597917
12.658649	13.525139
12.662038	13.265039
12.665503	13.112022
12.669624	12.956238
12.671858	12.793922
12.674921	12.637153
12.676892	12.482583
12.679980	12.324265
12.683708	12.166990
12.687075	12.024318
12.690238	11.903543
12.693272	11.772305
12.695368	11.758235
12.698661	11.544590
12.702754	11.433132
12.705249	11.417387
12.707457	11.331403
12.710531	11.236897
12.713913	11.070547
12.717295	11.047041
12.730306	10.532336
12.732547	10.382450
12.736973	10.235094
12.737994	10.088856
12.741071	9.916993
12.744364	9.756945
12.746550	9.725492
12.750652	9.418564
12.752841	9.394289
12.756422	9.071780
12.758664	8.892321
12.761687	8.693903
12.764770	8.513094
12.768864	8.339730
12.771398	8.151553
12.774465	8.014798
12.776678	7.888327
12.779742	7.761551
12.783428	7.690026
12.785407	7.757782
12.788631	7.700450
12.791853	7.520552
12.794849	7.451105
12.799327	7.386471
12.802532	7.300201
12.804489	7.206455
12.806536	7.114847
12.809774	7.013818
12.814093	6.933925
12.817487	6.849447
12.828123	6.679310
12.830137	6.628924
12.834998	6.408219
12.837095	6.309607
12.839309	6.341573
12.842936	6.177327
12.845883	6.133667
12.848984	6.081795
12.853002	6.031221
12.855122	5.978714
12.858172	5.917720
12.860283	5.924611
12.863402	5.832579
12.866624	5.751253
12.869819	5.665090
12.872112	5.576122
12.876327	5.418368
12.878342	5.421094
12.881689	5.342172
12.885215	5.202350
12.888259	5.131684
12.890324	5.124521
12.895076	5.012637
12.897137	4.972644
12.899258	4.982448
12.904019	4.924963
12.905631	4.922740
12.920754	4.953606
12.921825	4.955531
12.935240	4.901710
12.936247	4.905011
12.938296	4.904559
12.943384	4.854031
12.945578	4.851702
12.947918	4.823987
12.949907	4.821003
12.954007	4.772927
12.957673	4.748971
12.959935	4.719727
12.962514	4.699740
12.969005	4.676303
12.972434	4.674194
12.974435	4.668359
12.978737	4.665288
12.980707	4.655206
12.983970	4.663773
12.987617	4.667407
12.989766	4.665021
12.992833	4.657409
12.995911	4.655801
13.000230	4.649864
13.002242	4.645924
13.005351	4.643614
13.008507	4.648508
13.011484	4.654241
13.014786	4.663870
13.017249	4.678671
13.020869	4.696251
13.023368	4.709837
13.032186	4.726540
13.033152	4.759385
13.035800	4.779685
13.037750	4.810473
13.040835	4.846873
13.043995	4.877996
13.046423	4.915969
13.049617	4.951079
13.053210	4.932905
13.057278	5.045538
13.061436	4.994674
13.065516	5.058837
13.067488	5.029792
13.070590	5.093158
13.073970	5.123725
13.075947	5.106342
13.080418	5.234972
13.082462	5.310010
13.086784	5.397875
13.088762	5.503621
13.095291	5.742254
13.097743	5.900081
13.101075	5.953178
13.104479	6.248778
13.106460	6.299120
13.109917	6.488454
13.112028	6.686943
13.116160	7.031889
13.118290	7.069168
13.122572	7.454139
13.125102	7.663670
13.135639	8.368865
13.139559	8.675734
13.142566	8.944099
13.145950	9.476171
13.147965	9.556273
13.154276	10.176095
13.155353	10.520495
13.156323	10.617019
13.161818	11.321279
13.163873	11.420037
13.166969	11.840415
13.169014	12.287077
13.172676	12.702083
13.175700	13.148833
13.178825	13.583188
13.180980	14.119567
13.185093	14.588427
13.187168	15.095727
13.191218	16.048087
13.193504	16.148889
13.197080	17.129002
13.199256	17.224157
13.202646	17.753305
13.205819	18.723391
13.208928	19.276429
13.212154	19.778006
13.215230	20.284742
13.218448	20.807239
13.221701	21.314277
13.224647	21.803541
13.226646	21.806503
13.236723	23.721962
13.239015	23.685332
13.240403	23.654241
13.241334	23.592967
13.244790	25.144388
13.248038	25.641348
13.251291	25.567327
13.253534	25.993312
13.257755	27.012688
13.260032	27.436417
13.263169	27.847091
13.266137	28.264345
13.269282	28.711312
13.271720	29.123445
13.274798	29.507421
13.276829	29.392594
13.280335	29.838558
13.283802	30.213986
13.285752	30.596483
13.300678	32.624060
13.303637	32.967675
13.307817	33.363247
13.310204	33.818596
13.313373	34.194859
13.316884	34.601791
13.320053	35.522563
13.322083	35.944320
13.325226	36.365467
13.328563	36.854023
13.347347	39.731088
13.349393	40.247437
13.352641	40.287382
13.362975	42.371548
13.364197	42.420339
13.367285	42.924539
13.370759	43.594020
13.371768	44.109782
13.376154	45.225085
13.379630	45.778946
13.381737	46.335987
13.384749	46.398261
13.388076	46.941146
13.391444	47.536029
13.394933	48.565150
13.401108	49.206032
13.404232	50.271048
13.406297	50.328130
13.409511	51.471321
13.412599	52.046222
13.414611	52.096452
13.420297	53.205297
13.422817	53.727427
13.423743	53.767135
13.428411	55.121308
13.430570	55.155590
13.433195	55.682563
13.442167	57.259469
13.443212	57.811517
13.445163	57.838668
13.449311	58.979859
13.453454	59.514714
13.454717	60.022442
13.457810	60.588606
13.461152	61.094034
13.463315	61.094750
13.466448	61.595534
13.469609	62.598452
13.472929	63.148579
13.476139	63.127862
13.479303	63.714919
13.481739	64.203225
13.484815	64.671636
13.488343	65.213047
13.490637	65.690636
13.493690	66.265246
13.497089	66.820920
13.499440	67.416612
13.503049	67.996004
13.505580	68.545481
13.508869	69.226603
13.511859	69.817562
13.515258	70.419281
13.518308	71.078700
13.521702	72.186715
13.523671	72.259037
13.527243	72.851758
13.529504	73.505765
13.533924	74.095939
13.545322	76.666503
13.546320	76.702283
13.551010	77.845917
13.552975	77.876242
13.556303	78.356828
13.561830	79.466731
13.562866	79.489662
13.565002	80.061695
13.568076	80.615701
13.572270	81.638722
13.573220	81.648014
13.576408	82.211660
13.580074	82.709178
13.583393	83.207983
13.588979	84.226540
13.592087	84.684421
13.595196	85.361988
13.598217	85.803274
13.601886	86.246947
13.603959	86.241120
13.607345	87.204476
13.610522	87.657767
13.613956	88.153736
13.615924	88.163776
13.621258	89.145216
13.622325	89.592270
13.627055	90.131010
13.628811	90.612029
13.630837	91.118712
13.635146	91.643561
13.637329	92.233686
13.648950	94.288231
13.654985	94.801029
13.658325	95.880221
13.661496	96.363593
13.664710	96.841816
13.667940	97.374164
13.670052	97.876577
13.673085	98.392559
13.676128	98.956265
13.679259	99.475495
13.682313	99.511744
13.687123	100.548247
13.688016	100.566154
13.692718	101.514651
13.694968	102.034802
13.698054	102.491157
13.701174	102.942681
13.703509	103.398316
13.706531	103.904514
13.710078	104.336213
13.713246	104.772107
13.715150	104.777280
13.718250	105.260404
13.721807	106.067389
13.723867	106.520052
13.729179	106.889258
13.730162	106.887063
13.734307	107.648870
13.736656	107.659640
13.739769	108.450399
13.748576	108.821280
13.750737	109.549361
13.752085	109.917679
13.754020	109.958927
13.757052	110.386043
13.760446	111.082331
13.762899	111.127883
13.766471	111.460170
13.770788	112.066605
13.774824	112.348431
13.777064	112.675163
13.778098	112.973177
13.781560	113.263274
13.783545	113.358754
13.787863	113.882324
13.789920	113.973177
13.793034	114.452357
13.796077	114.548342
13.799458	114.974838
13.803565	115.217619
13.805677	115.483574
13.809307	115.727328
13.811609	115.949966
13.814727	116.183859
13.818293	116.368799
13.820272	116.442001
13.822891	116.602658
13.826026	116.734059
13.829565	116.826210
13.836117	116.967027
13.838244	116.985188
13.841608	117.028359
13.853679	117.041820
13.854668	117.058160
13.856674	117.078843
13.860092	116.995814
13.862291	117.028288
13.864398	116.969507
13.866369	116.901701
13.871604	116.832166
13.872639	116.752207
13.876138	116.639243
13.881479	116.397961
13.882758	116.404986
13.886623	116.264279
13.888860	116.136442
13.891779	115.825608
13.895447	115.822444
13.897583	115.663474
13.901731	115.371246
13.902710	115.385159
13.907188	115.086418
13.910349	114.939656
13.912430	114.976152
13.915764	114.791682
13.920563	114.426530
13.921718	114.465580
13.925931	114.106730
13.929211	113.961287
13.932355	113.803825
13.934775	113.616033
13.938359	113.422051
13.940624	113.170267
13.942596	113.191406
13.954400	112.404020
13.956497	111.767257
13.957527	111.376920
13.965456	110.459553
13.971020	109.879720
13.974181	109.559923
13.977612	109.225083
13.980747	108.846367
13.983991	108.398993
13.986164	107.941461
13.989722	107.467446
13.993143	106.962162
13.995338	106.364027
13.997724	105.768201
14.000772	105.172820
14.003947	104.517101
14.006426	103.879441
14.010050	103.236188
14.013047	102.576989
14.015347	102.449025
14.020185	101.068476
14.022202	100.383172
14.025493	99.480176
14.028429	98.697666
14.032037	97.860159
14.034449	96.969098
14.037297	96.112574
14.040610	95.250022
14.044122	94.332211
14.046466	93.474104
14.059768	90.398679
14.060828	90.137082
14.063957	88.682342
14.065978	88.563431
14.069269	87.830286
14.072710	86.326770
14.075967	85.568189
14.077889	85.507035
14.082380	84.129032
14.085141	84.124682
14.087740	83.415571
14.091512	82.122207
14.092706	82.168691
14.095037	81.454800
14.098982	80.830298
14.103158	79.489418
14.105237	79.515308
14.109463	78.233059
14.112056	77.604624
14.114430	77.578799
14.118016	76.177808
14.119864	76.135299
14.123318	75.407778
14.126370	74.562838
14.128611	73.761011
14.132115	72.879587
14.136116	71.950114
14.137887	71.086973
14.142084	69.466596
14.144878	69.380225
14.147480	68.014008
14.151015	67.954795
14.162057	65.517762
14.165279	64.764561
14.168896	64.170861
14.171820	63.580750
14.174544	62.353952
14.177540	61.780973
14.179789	61.774201
14.182797	61.193328
14.187886	60.046717
14.189213	59.474416
14.193161	58.817357
14.196350	58.188654
14.202666	56.357217
14.205016	56.225448
14.208630	55.545542
14.211224	54.910683
14.213706	54.195292
14.216703	53.581184
14.221163	52.943638
14.222585	52.281260
14.225697	52.168954
14.228340	51.546356
14.230550	50.897611
14.234427	50.198937
14.239271	48.994052
14.240442	48.930748
14.244296	48.171797
14.246692	47.306171
14.249658	45.791488
14.252669	45.781752
14.263577	43.547404
14.267114	42.724069
14.271048	42.382078
14.273559	42.481604
14.277667	41.739289
14.278662	41.851585
14.282540	41.070982
14.285180	41.219069
14.290294	40.517411
14.291253	40.615692
14.293471	40.202127
14.297013	39.841649
14.300623	39.037718
14.305785	38.508501
14.309695	38.036633
14.312505	37.570347
14.315346	37.048236
14.317255	36.558251
14.322323	35.686297
14.323934	35.597874
14.327575	35.103244
14.329810	34.637569
14.333271	34.170102
14.337191	33.686923
14.339118	33.274674
14.342036	32.920635
14.345952	32.493383
14.348127	32.145395
14.351297	31.807451
14.355328	31.430474
14.364176	31.136065
14.366787	29.699692
14.368906	29.692633
14.371698	29.363811
14.376779	28.755011
14.378316	28.513404
14.380015	28.528356
14.384781	28.053304
14.388636	27.873482
14.391097	27.682194
14.394203	27.524041
14.396977	27.603724
14.404861	27.021291
14.406224	26.861284
14.409009	26.741021
14.412686	26.569910
14.415463	26.425828
14.418297	26.277565
14.422239	26.105456
14.423398	26.149060
14.426130	25.994413
14.429492	25.846471
14.433926	25.505529
14.436791	25.352916
14.439629	25.215053
14.441833	25.219168
14.445618	25.047498
14.448463	24.902277
14.452444	24.608875
14.454743	24.461262
14.457680	24.454815
14.466565	23.924639
14.469148	23.707371
14.472042	23.434280
14.474649	23.145202
14.478412	22.846559
14.481256	22.568312
14.483561	22.258662
14.487781	21.954482
14.490233	21.628931
14.492498	21.205268
14.496125	20.494865
14.498167	20.377963
14.502412	19.897574
14.505339	19.197791
14.507472	19.119522
14.511920	18.617857
14.513122	18.594168
14.515960	18.414068
14.520831	18.136501
14.523536	18.236416
14.526423	18.171321
14.529903	18.157009
14.532905	18.186354
14.534634	18.245215
14.537675	18.305892
14.540723	18.421567
14.543570	18.513310
14.547493	18.609107
14.551194	18.734630
14.554359	18.710952
14.557386	18.756637
14.558528	18.873215
14.569050	18.744063
14.571697	18.888165
14.573615	18.841896
14.575952	18.791009
14.579855	18.723561
14.583852	18.643658
14.588997	18.481818
14.591637	18.379931
14.595240	18.261879
14.598357	18.132903
14.602221	17.975730
14.605213	17.803940
14.608051	17.536480
14.610883	17.340388
14.614093	17.139700
14.616040	17.049702
14.619715	16.730436
14.623276	16.506461
14.625687	16.426601
14.628364	16.217738
14.630694	15.999570
14.634385	15.783942
14.638054	15.577021
14.639249	15.375636
14.643600	15.131833
14.647327	14.942868
14.650063	14.761159
14.653389	14.438996
14.655652	14.397322
14.658120	14.245280
14.661200	14.084938
14.671143	13.572811
14.672443	13.537169
14.677567	13.276790
14.679229	13.242606
14.682813	13.094177
14.685277	12.944254
14.687737	12.799972
14.691821	12.511379
14.694412	12.352222
14.697347	12.200825
14.700854	12.038648
14.705841	11.900701
14.707036	11.896424
14.710742	11.609050
14.713536	11.467112
14.716473	11.302549
14.719195	11.121102
14.722670	10.959057
14.724882	10.942869
14.726937	10.787685
14.729825	10.650218
14.733296	10.368500
14.738480	10.261146
14.739792	10.289717
14.743741	10.040897
14.746674	9.936990
14.748902	9.959967
14.752579	9.833351
14.755508	9.718300
14.758272	9.600821
14.761450	9.347976
14.764060	9.360089
14.773001	9.085917
14.777661	8.979058
14.778820	9.005367
14.781761	8.938972
14.785828	8.873377
14.788684	8.806323
14.791427	8.655522
14.793710	8.585406
14.797936	8.515362
14.800353	8.434675
14.802592	8.418309
14.806414	8.335919
14.809231	8.252692
14.812823	8.153496
14.814866	8.057307
14.819299	7.955605
14.822169	7.855122
14.825069	7.703470
14.828148	7.626359
14.830471	7.620450
14.834092	7.477815
14.835883	7.489729
14.839831	7.378652
14.841910	7.419570
14.845136	7.399905
14.849040	7.401348
14.851487	7.369970
14.855430	7.344496
14.858270	7.234766
14.861398	7.206693
14.863000	7.229305
14.865521	7.190483
14.876167	7.144481
14.878545	7.055070
14.880823	7.000585
14.883561	6.948508
14.888445	6.869161
14.890958	6.801414
14.893422	6.739853
14.896385	6.626492
14.899284	6.552641
14.902613	6.442704
14.905512	6.335292
14.907965	6.209214
14.910648	6.076414
14.914459	5.856144
14.917179	5.819120
14.922534	5.608906
14.924987	5.536060
14.926081	5.463830
14.929010	5.475860
14.932775	5.444218
14.935435	5.451982
14.937656	5.482437
14.940805	5.500332
14.944465	5.545300
14.946392	5.621179
14.950430	5.708604
14.953085	5.782998
14.956742	5.853635
14.959358	5.929089
14.962308	5.984221
14.964616	6.025602
14.966897	6.048141
14.986830	5.967811
14.988040	5.836028
14.990496	5.730761
14.993901	5.637274
14.996970	5.542547
15.004359	5.328819
15.005361	5.245648
15.010033	5.161901
15.012638	5.106481
15.015191	5.049470
15.020613	4.967001
15.021380	4.998002
15.023431	5.008547
15.026415	5.039740
15.029803	5.078514
15.032893	5.142370
15.036103	5.218043
15.039184	5.300644
15.041649	5.406600
15.044847	5.499509
15.048094	5.574445
15.052485	5.741778
15.054688	5.842459
15.058112	5.940836
15.060129	6.033400
15.064187	6.105027
15.066254	6.166207
15.070995	6.288854
15.080782	6.303485
15.083891	6.297951
15.087979	6.288800
15.090144	6.272749
15.093188	6.250332
15.096463	6.232953
15.098447	6.219637
15.103048	6.230714
15.106242	6.238060
15.107220	6.219941
15.110293	6.239607
15.114757	6.272504
15.117893	6.333505
15.122405	6.471055
15.125456	6.583997
15.128676	6.805754
15.132783	6.998219
15.136076	7.205451
15.139496	7.561715
15.141893	7.807258
15.143937	7.971231
15.147027	8.263865
15.150549	8.576969
15.154231	8.922324
15.157636	9.494483
15.158610	9.664643
15.161896	10.050830
15.165026	10.449495
15.168327	10.883587
15.171334	11.298973
15.183109	12.630756
15.185225	13.079225
15.186225	13.556464
15.189250	14.120265
15.192440	14.604378
15.194791	15.100430
15.197995	15.640787
15.201011	16.151146
15.205049	16.666500
15.208022	17.184217
15.222097	19.590674
15.223065	19.655465
15.224975	20.149311
15.229023	20.665431
15.231720	21.132868
15.234569	21.605876
15.238924	22.124784
15.239979	22.580995
15.244170	23.044019
15.247207	23.557727
15.248574	24.008285
15.253156	24.506476
15.255364	24.948633
15.258667	25.449081
15.261366	25.864858
15.264949	26.302529
15.267546	26.772850
15.271704	27.195473
15.277483	28.062915
15.285254	29.975727
15.287164	29.711112
15.292289	30.092444
15.294238	30.605399
15.296975	30.504183
15.299799	30.990900
15.302409	31.479129
15.305513	31.916923
15.310009	32.935591
15.311892	33.376147
15.315308	33.813019
15.317534	34.310643
15.321703	34.733413
15.324387	35.175541
15.326313	35.111357
15.330309	36.154004
15.333174	36.611515
15.335059	36.564522
15.338018	37.080880
15.342403	38.052857
15.345000	38.566393
15.348103	39.044169
15.350637	39.026550
15.355704	40.095318
15.357422	40.639430
15.359738	41.149610
15.361929	41.147863
15.365725	41.683014
15.369174	42.827434
15.372261	43.385963
15.374506	43.406361
15.377711	44.032499
15.390005	47.268571
15.392768	47.282888
15.395308	47.283913
15.399029	48.394427
15.401520	48.933401
15.405608	49.517500
15.407304	49.499196
15.410947	50.577586
15.413669	51.102872
15.417068	51.652186
15.419550	51.632814
15.422485	52.150911
15.425327	52.637535
15.428980	53.257864
15.430864	53.251734
15.434614	54.614367
15.438621	55.168352
15.439824	55.652619
15.443552	56.203452
15.445225	56.744357
15.449622	57.254948
15.452104	57.728630
15.455273	58.310152
15.458407	58.845945
15.461859	59.361174
15.464356	59.847476
15.468269	60.427261
15.471673	60.931092
15.474371	61.478559
15.477072	62.594821
15.479404	62.593715
15.489718	64.743295
15.490948	64.756477
15.494181	65.282174
15.496890	65.894882
15.499408	66.425226
15.502344	66.954978
15.506196	66.969036
15.508670	68.019772
15.513885	68.546791
15.515311	68.562908
15.518064	69.637429
15.521185	70.185186
15.523837	70.685244
15.528022	71.279787
15.531453	71.856310
15.532404	72.377301
15.536218	72.959528
15.539571	73.468401
15.542213	73.957888
15.544628	74.527094
15.549861	75.567375
15.551052	75.584930
15.555549	76.625823
15.557650	76.646284
15.561398	77.624493
15.564206	77.634488
15.566844	78.194716
15.569726	78.652362
15.574241	79.110559
15.576963	79.611223
15.578137	80.040327
15.581943	80.495110
15.592882	81.857030
15.596786	82.800152
15.599347	83.243483
15.601636	83.682303
15.605480	84.159884
15.608417	84.563028
15.611213	84.993027
15.613456	85.425508
15.617305	85.907223
15.619915	86.343241
15.624113	86.775617
15.626195	87.265405
15.628498	87.707864
15.632688	88.153798
15.635861	88.646793
15.639672	89.099949
15.640652	89.522355
15.645511	90.061036
15.647486	90.517422
15.650579	90.972255
15.653394	91.419430
15.657064	91.900356
15.660262	92.308160
15.662663	92.737339
15.666385	93.175185
15.669040	93.564655
15.672553	93.939960
15.675163	94.335983
15.677856	94.730214
15.680123	95.088231
15.684421	95.429248
15.699013	96.986386
15.701494	97.268058
15.705865	97.601151
15.707587	97.837647
15.710415	98.092780
15.712877	98.328717
15.716690	98.589552
15.720801	99.101718
15.722018	99.061843
15.725853	99.326219
15.728775	99.560981
15.731673	99.804912
15.734415	100.083660
15.739242	100.347311
15.740437	100.606872
15.743188	100.929294
15.747222	101.276154
15.750042	101.610919
15.753826	101.949784
15.755723	102.328398
15.758380	102.671130
15.762120	103.014182
15.765826	103.400776
15.769809	104.027445
15.772674	104.419453
15.773902	104.479742
15.776823	104.837147
15.780389	105.178497
15.783210	105.520436
15.786264	105.883529
15.789044	106.229608
15.801100	107.465547
15.802313	107.503015
15.804212	107.864932
15.806601	108.170618
15.810605	108.739472
15.813526	109.087079
15.815716	109.152627
15.818844	109.471110
15.823040	110.004243
15.824342	110.066802
15.828863	110.543511
15.831647	110.583158
15.835476	111.028145
15.836701	111.062888
15.839564	111.282168
15.843890	111.668054
15.845099	111.689673
15.848776	111.876138
15.853211	112.209820
15.855927	112.227957
15.858323	112.363156
15.861078	112.515745
15.863895	112.663363
15.866346	112.798600
15.870770	112.944148
15.873185	113.095508
15.875969	113.244369
15.879763	113.389313
15.882195	113.507314
15.884789	113.622889
15.896830	113.763945
15.902825	113.751580
15.906562	113.917487
15.909155	113.922785
15.911836	113.910617
15.913999	113.902403
15.917541	113.876989
15.921151	113.779584
15.923726	113.702806
15.927299	113.697675
15.929724	113.600483
15.932734	113.487642
15.934987	113.340908
15.939115	113.196858
15.941529	113.063187
15.944661	112.880458
15.947630	112.719925
15.950385	112.549541
15.955987	112.166456
15.956936	112.159493
15.958609	111.939598
15.962850	111.645271
15.973748	110.403919
15.974945	110.226393
15.976514	109.828397
15.979354	109.428491
15.982778	108.972819
15.984488	108.907209
15.988723	108.140302
15.991157	107.670828
16.006890	105.372592
16.007958	105.298962
16.011293	104.749370
16.014199	104.152903
16.018006	103.087532
16.022422	102.422258
16.025312	101.833441
16.026905	101.141500
16.029964	100.475206
16.032013	100.397386
16.035183	99.646624
16.038160	98.948280
16.041385	97.519793
16.045520	96.747788
16.047648	95.943407
16.051022	95.090457
16.056395	94.218034
16.059707	92.756335
16.062797	91.898976
16.064762	91.809794
16.067853	91.009175
16.071993	89.274578
16.076366	88.240760
16.078723	87.396680
16.079733	87.311908
16.082788	86.249377
16.087390	85.319917
16.089611	84.362564
16.091562	83.317600
16.107124	78.493853
16.108347	78.379552
16.110500	77.258702
16.112567	76.199494
16.117036	75.234580
16.119535	74.310321
16.121418	73.296193
16.126263	72.416208
16.131951	70.638872
16.134077	69.721665
16.138463	68.853781
16.140517	67.971034
16.142571	67.935426
16.146751	66.197494
16.150143	65.319489
16.153195	64.343924
16.156606	63.435773
16.158839	62.564640
16.160902	61.570829
16.165154	60.659434
16.168426	59.724848
16.171776	58.705661
16.173869	57.778008
16.177000	56.775718
16.180105	55.886574
16.183259	54.911956
16.187022	54.012474
16.189062	53.149817
16.192436	52.204479
16.195785	51.347337
16.197835	50.511706
16.208152	48.274536
16.209151	47.644410
16.213343	46.926918
16.216756	46.356472
16.218732	45.809987
16.221816	45.244071
16.224865	44.771986
16.228515	44.308213
16.231813	43.220576
16.233785	43.321166
16.237121	42.884662
16.240145	42.439389
16.243695	41.946009
16.246073	41.523412
16.249548	41.103650
16.252631	40.577762
16.256226	40.073245
16.259604	39.558510
16.261989	38.980688
16.263978	38.455477
16.266468	37.955036
16.270754	36.949445
16.273767	37.013516
16.275934	36.655854
16.279568	36.234481
16.282658	35.847959
16.284679	35.546788
16.289202	35.281083
16.291421	35.013092
16.294307	34.751182
16.297863	34.548663
16.300833	34.348807
16.304885	34.552203
16.311005	33.462641
16.312303	33.874638
16.315448	33.778603
16.318467	33.703258
16.323686	33.322866
16.324969	33.478767
16.328073	33.371060
16.331157	33.234423
16.333539	33.111862
16.336758	32.977391
16.339838	32.850718
16.345293	32.298581
16.348739	32.357109
16.352930	32.152273
16.356422	31.727105
16.357447	31.743653
16.360468	31.500665
16.365024	31.045115
16.365954	31.044848
16.370514	30.815068
16.371465	30.562154
16.375333	30.328967
16.379405	30.081966
16.382470	29.799621
16.384702	29.549458
16.388874	29.298423
16.391000	29.042642
16.392987	28.793285
16.396065	28.562075
16.399231	28.313894
16.402545	28.106799
16.411039	27.534876
16.414125	27.337263
16.416729	27.151916
16.421028	26.941202
16.423292	26.747642
16.426726	26.554980
16.429024	26.350111
16.432386	26.164079
16.435837	25.999848
16.439051	25.839699
16.441647	25.669532
16.445948	25.498811
16.448248	25.122737
16.451715	24.908366
16.454195	24.663222
16.457535	24.603943
16.461991	24.122957
16.463212	24.022487
16.466154	23.505246
16.469423	23.174670
16.472454	23.048222
16.475684	22.544986
16.478885	22.191740
16.482311	21.884491
16.484256	21.779667
16.486862	21.507495
16.490380	21.052021
16.493673	20.992227
16.496977	20.786157
16.498163	20.586015
16.501337	20.591769
16.516751	19.872711
16.518773	19.731598
16.522639	19.619904
16.525779	19.518462
16.528077	19.371224
16.531582	19.225908
16.534442	19.063523
16.537624	18.864537
16.539987	18.634492
16.543514	18.403840
16.545537	18.144903
16.548659	17.856968
16.551742	17.553325
16.555982	17.223649
16.557983	16.875333
16.561604	16.554149
16.563575	16.212689
16.566653	15.876219
16.569960	15.518711
16.571969	15.398664
16.576462	14.814937
16.579692	14.463816
16.581662	14.147584
16.586133	13.840235
16.588088	13.548175
16.591373	13.306337
16.594441	13.108031
16.597586	12.945568
16.600763	12.795709
16.602765	12.674986
16.607141	12.582081
16.616114	12.488748
16.617158	12.383374
16.618386	12.317808
16.622355	12.375870
16.629793	12.018414
16.630734	12.085867
16.632786	12.013772
16.636107	11.929020
16.639457	11.824316
16.641608	11.695761
16.645291	11.552843
16.648794	11.382640
16.651031	11.228158
16.654095	11.076304
16.657170	10.910567
16.660886	10.730116
16.663217	10.568224
16.666265	10.375480
16.669435	10.173035
16.672382	9.971060
16.675862	9.766802
16.678346	9.502215
16.681657	9.264911
16.683987	9.010296
16.691483	8.443594
16.693515	8.187711
16.696815	7.938586
16.699891	7.693122
16.702237	7.471908
16.705260	7.269539
16.708693	7.079415
16.718288	6.921725
16.719369	6.702774
16.720345	6.613172
16.722409	6.504213
16.725670	6.414612
16.729196	6.317597
16.734309	6.150453
16.735312	6.163104
16.738576	6.075735
16.740641	6.003307
16.745245	5.929008
16.746213	5.853213
16.749282	5.774424
16.752366	5.694991
16.756468	5.622131
16.758934	5.543101
16.761988	5.476200
16.765511	5.410199
16.768079	5.357201
16.772658	5.244882
16.775936	5.175431
16.776998	5.167638
16.780299	5.102743
16.782855	5.040895
16.788102	4.985032
16.790421	4.923905
16.793605	4.829042
16.795627	4.832305
16.797631	4.791455
16.801794	4.763356
16.805941	4.687404
16.807318	4.720053
16.810312	4.704789
16.822411	4.486106
16.823451	4.546988
16.826705	4.514063
16.827727	4.551356
16.831280	4.540559
16.834555	4.528496
16.836632	4.517687
16.841100	4.472312
16.843654	4.520523
16.847008	4.521692
16.849084	4.526696
16.852536	4.524873
16.856991	4.548801
16.858026	4.588917
16.861032	4.624400
16.864353	4.652527
16.866421	4.677019
16.870874	4.700156
16.874135	4.721456
16.877192	4.737128
16.879582	4.756266
16.885955	4.767106
16.890423	4.776537
16.899425	4.742642
16.904900	4.698299
16.906920	4.660210
16.925859	4.542654
16.933097	4.598885
16.934318	4.600037
16.936799	4.649957
16.942370	4.718309
16.943621	4.733238
16.947121	4.803850
16.949544	4.822701
16.953087	4.906681
16.957877	4.971676
16.958840	4.993426
16.963661	5.098618
16.964635	5.119700
16.968141	5.237260
16.970499	5.255203
16.974423	5.375941
16.976637	5.388315
16.980386	5.452975
16.981600	5.510413
16.985523	5.563454
16.990395	5.685855
16.991591	5.681633
16.994936	5.727290
16.998612	5.768656
17.000838	5.805983
17.003816	5.884591
17.007003	5.845982
17.011054	5.908144
17.013273	5.914358
17.017094	5.920122
17.025875	5.911566
17.027051	5.894545
17.028707	5.883997
17.031591	5.862716
17.034442	5.847026
17.036860	5.794890
17.039399	5.785877
17.043653	5.837964
17.046211	5.848109
17.049110	5.871989
17.051983	5.893985
17.058002	5.940282
17.061283	6.001881
17.063951	6.155395
17.067844	6.270486
17.068869	6.307020
17.073079	6.454487
17.075662	6.622837
17.078371	6.840243
17.080886	7.052189
17.085468	7.281984
17.087276	7.534141
17.090384	7.764081
17.093357	7.974590
17.096942	8.219322
17.099762	8.419929
17.102126	8.596694
17.107272	8.782587
17.108448	8.941352
17.110686	9.094129
17.115064	9.239018
17.117137	9.394691
17.131495	10.158122
17.132779	10.066414
17.133669	10.221738
17.137365	10.357517
17.140862	10.503616
17.142890	10.654740
17.147101	10.842371
17.148966	11.010690
17.152247	11.192474
17.156393	11.404470
17.158359	11.613920
17.162908	11.846362
17.164011	12.101300
17.170123	12.876704
17.174403	12.996085
17.176529	13.336060
17.179566	13.700297
17.182834	14.070790
17.186126	14.486092
17.192487	15.279679
17.194523	15.712591
17.198935	16.441430
17.201049	16.523816
17.204119	16.961238
17.209557	17.672128
17.212532	18.031038
17.218140	18.733473
17.234391	20.212670
17.240574	20.879479
17.242716	21.138756
17.245779	21.537116
17.247829	21.850518
17.250902	22.155794
17.253970	22.106761
17.257204	22.799638
17.263696	23.473475
17.264710	23.433520
17.267952	24.185649
17.271158	24.141777
17.273383	24.495067
17.275373	24.888908
17.278403	25.248604
17.282744	25.606126
17.284672	26.006991
17.290341	26.361606
17.291345	26.326118
17.294451	26.999033
17.296756	27.465234
17.300990	27.804044
17.303154	28.251260
17.307583	28.662647
17.309832	29.030141
17.312889	29.397266
17.316083	29.798520
17.318113	30.151042
17.323290	30.502844
17.325333	30.870440
17.337113	32.234117
17.340260	32.551237
17.342320	32.831694
17.345493	33.212535
17.348842	33.513388
17.350804	33.834244
17.354742	34.207860
17.356781	34.555693
17.359958	34.909889
17.363814	35.333754
17.366022	35.731692
17.367987	36.156925
17.373798	36.593079
17.376006	37.041026
17.378550	37.522484
17.381110	38.006998
17.384133	38.563103
17.387912	39.095962
17.388863	39.170527
17.394454	40.247522
17.407031	42.599464
17.409687	43.121094
17.411921	43.708950
17.415075	44.349645
17.418232	44.896227
17.421297	45.882591
17.423324	45.993876
17.426521	46.476899
17.439239	48.425456
17.441896	48.481661
17.444028	49.405572
17.447199	49.960749
17.450888	50.930092
17.453963	50.985362
17.456304	51.568380
17.460181	52.053232
17.462229	52.571487
17.465308	53.616431
17.468759	54.128299
17.470786	54.162220
17.474857	55.155208
17.477351	55.186945
17.480615	56.186929
17.483637	56.754431
17.486786	56.778540
17.490124	57.744999
17.492614	58.304265
17.497033	58.816362
17.498982	59.324235
17.501025	59.338637
17.505263	60.393330
17.507538	60.409484
17.510698	61.354821
17.513754	61.852746
17.516852	62.305115
17.519317	62.310128
17.523773	63.189773
17.524774	63.185294
17.528981	63.661901
17.539265	65.924696
17.540473	65.920959
17.542415	65.914302
17.546970	66.922279
17.549515	67.385644
17.552863	67.917903
17.556999	68.406503
17.557996	68.430116
17.560215	68.916074
17.564477	69.906816
17.566439	70.413642
17.569656	70.945152
17.574078	71.532460
17.576437	72.069202
17.578466	72.118869
17.583014	73.198844
17.586061	73.745890
17.590399	74.284366
17.591494	74.826135
17.594746	75.370984
17.597244	75.876737
17.600455	76.364854
17.603871	76.885738
17.606010	77.368974
17.608987	77.826700
17.612520	78.321149
17.614692	78.311536
17.618940	79.204968
17.623301	79.684018
17.624315	79.663714
17.627418	80.532031
17.647129	83.101139
17.648458	83.519362
17.650453	84.029592
17.655358	84.483127
17.657418	84.919042
17.660585	85.382256
17.663203	85.899326
17.666299	86.376175
17.668457	86.437039
17.673811	87.431772
17.675812	87.905979
17.678907	88.471094
17.680996	89.006075
17.684081	89.510819
17.687171	90.028610
17.691375	90.605203
17.693602	91.125486
17.695822	91.189813
17.698904	92.132724
17.702791	92.661956
17.705405	92.703085
17.708737	93.605722
17.711780	94.107747
17.715285	94.541957
17.717254	94.951392
17.721937	95.389550
17.724765	95.781478
17.727053	96.168383
17.730111	96.563243
17.732554	97.021547
17.739508	97.012988
17.742602	99.010939
17.747866	99.017144
17.750399	99.396805
17.754491	99.882281
17.756505	100.302156
17.759606	100.724366
17.762684	101.177414
17.765786	101.594781
17.769135	102.028352
17.772180	102.100120
17.778526	103.356372
17.780481	103.889827
17.787490	104.723244
17.790503	105.155972
17.792571	105.581751
17.795617	105.980550
17.798709	106.382151
17.801831	106.809999
17.804773	107.173336
17.807856	107.550032
17.811193	107.948593
17.814364	108.281676
17.816427	108.607918
17.819499	108.935787
17.822683	109.218494
17.825658	109.471955
17.829403	109.700409
17.831638	109.924268
17.834695	110.109787
17.845732	110.569537
17.846628	110.701374
17.848668	110.721096
17.851763	110.899598
17.856578	111.150948
17.858645	111.243282
17.861328	111.323104
17.864317	111.362087
17.867762	111.388466
17.869863	111.400413
17.873270	111.484449
17.876723	111.571799
17.878681	111.611475
17.883300	111.786919
17.886370	111.884037
17.888414	111.982275
17.891928	112.086325
17.895412	112.198479
17.897624	112.314585
17.900721	112.438396
17.903214	112.517624
17.907790	112.702732
17.909002	112.767783
17.912374	112.887593
17.915855	113.006482
17.917842	113.081041
17.922181	113.085424
17.924437	113.148956
17.928860	113.103192
17.931149	113.100813
17.934250	113.109294
17.936362	113.177961
17.944211	113.172430
17.949490	112.963504
17.951489	112.912770
17.955864	112.844267
17.956847	112.870953
17.961507	112.646632
17.963561	112.666699
17.966951	112.413171
17.974391	112.076280
17.976677	111.913531
17.979729	111.692839
17.983139	111.502606
17.987044	111.310542
17.990367	111.115338
17.992480	110.881752
17.998540	110.472705
18.000688	110.233339
18.004040	110.018873
18.007226	109.794920
18.009206	109.568797
18.012311	109.339512
18.015965	109.098445
18.019238	108.809287
18.026408	108.034239
18.028564	108.029376
18.034022	107.384527
18.038202	107.058891
18.040514	106.671399
18.053046	104.811100
18.058503	104.360940
18.061341	103.909872
18.064740	103.462924
18.066790	103.038076
18.069761	102.567561
18.073809	102.155194
18.075844	101.745870
18.078983	101.250206
18.082169	100.734903
18.085288	99.743887
18.088323	99.710231
18.091469	99.088216
18.094979	98.542236
18.097999	97.916867
18.101158	96.711912
18.103135	96.702767
18.107769	95.621733
18.110264	95.131909
18.112123	95.135858
18.115159	94.655954
18.119335	93.608882
18.122577	93.086222
18.124738	93.083171
18.128226	92.574690
18.130500	92.002876
18.133621	91.477455
18.136950	90.944794
18.140429	90.331396
18.141467	89.754798
18.152888	87.440592
18.153865	87.330155
18.157363	86.598456
18.160364	85.880408
18.162416	85.204208
18.165585	84.537560
18.169443	83.808265
18.177039	82.002673
18.179114	81.901130
18.182305	81.253325
18.185481	80.005743
18.186446	79.911657
18.190907	79.174290
18.192875	79.076332
18.196892	77.805066
18.199237	76.830720
18.201484	76.733658
18.205094	75.013322
18.208136	74.020593
18.211439	73.117664
18.214798	72.287369
18.216773	71.539549
18.221705	70.815916
18.224694	70.205943
18.226830	69.614092
18.229940	68.954602
18.233368	68.418980
18.235481	67.844941
18.238870	67.183735
18.242082	66.605428
18.245901	66.004486
18.257516	63.703076
18.258873	62.630246
18.263202	61.166330
18.265616	60.351299
18.267890	60.196772
18.271422	59.418439
18.274736	58.103404
18.276790	57.935802
18.279315	57.110444
18.283050	56.328810
18.286408	55.574607
18.288548	54.765673
18.292636	53.437639
18.294633	53.298493
18.298273	52.524474
18.300638	51.857479
18.303723	51.215455
18.306920	50.623465
18.308942	49.995591
18.313693	49.362118
18.315725	48.814241
18.318220	48.130148
18.321373	47.554813
18.324635	46.959074
18.328357	46.358392
18.331264	45.832675
18.333232	45.351999
18.337341	44.881351
18.340431	44.358041
18.342460	43.935896
18.345800	43.446851
18.364149	42.261271
18.367301	39.845815
18.369654	39.195661
18.372679	38.600010
18.376150	37.990769
18.379512	36.840798
18.381506	36.747116
18.384831	36.142293
18.388478	35.020198
18.390543	34.930298
18.393943	34.388358
18.397104	33.815571
18.399474	33.239964
18.402940	32.324115
18.406023	32.276147
18.409314	31.776244
18.414439	30.942373
18.415445	30.548155
18.417566	30.607440
18.420861	30.229885
18.426355	29.516350
18.427389	29.649391
18.429518	29.332098
18.433001	28.999903
18.436129	28.772262
18.440453	28.136543
18.441416	28.272335
18.445885	28.113006
18.448967	27.530320
18.450976	27.671333
18.459464	27.682761
18.463940	26.784365
18.465911	26.469190
18.469182	26.049600
18.472571	25.693060
18.476996	24.979873
18.477978	24.928429
18.481788	24.236223
18.483775	24.170963
18.486937	23.794486
18.491027	23.091812
18.493019	23.027135
18.496671	22.664954
18.499881	22.283650
18.501874	21.942838
18.505725	21.611097
18.508862	21.257618
18.511224	20.970326
18.513321	20.633099
18.516654	20.304310
18.519834	20.008941
18.524939	19.730133
18.525961	19.457265
18.530133	19.110119
18.533317	18.831488
18.535648	18.557330
18.538945	18.259857
18.542293	18.008229
18.544358	17.778880
18.548551	17.311402
18.551716	17.102791
18.562535	16.400586
18.564475	16.411535
18.567517	16.147970
18.572023	15.699485
18.574061	15.681353
18.577640	15.183798
18.580000	15.153089
18.583315	14.690477
18.586624	14.660106
18.591472	14.198169
18.592389	14.186469
18.595715	14.009769
18.598281	13.730603
18.601577	13.575826
18.604560	13.446108
18.606701	13.323480
18.610764	13.244936
18.612734	13.184411
18.616919	13.134617
18.618883	13.132043
18.624035	13.004930
18.625027	13.086560
18.630171	12.999888
18.632675	12.986643
18.635622	13.040445
18.637934	12.995066
18.641633	12.952407
18.643767	12.897404
18.647108	12.820128
18.649085	12.742037
18.653726	12.660708
18.664551	12.441660
18.669405	12.169472
18.670278	12.118422
18.674479	12.015062
18.675442	11.973291
18.679516	11.902838
18.682941	11.846924
18.686268	11.798935
18.687776	11.754679
18.690955	11.706075
18.694287	11.659900
18.697699	11.608383
18.701885	11.533324
18.702920	11.501196
18.707165	11.435020
18.709397	11.374800
18.713394	11.265319
18.715390	11.225382
18.719307	11.092120
18.721287	11.053515
18.724450	10.960063
18.726426	10.854208
18.729507	10.753970
18.734281	10.642309
18.736748	10.526598
18.741803	10.345982
18.746547	10.165178
18.747661	10.163049
18.751563	10.107846
18.753478	10.062602
18.758163	10.023126
18.766811	9.979065
18.768733	9.992465
18.773166	10.018982
18.776540	9.998599
18.777442	10.085182
18.780544	10.146404
18.783714	10.220592
18.791001	10.385138
18.793457	10.500219
18.796431	10.564778
18.799550	10.622524
18.801545	10.684551
18.804637	10.722360
18.807705	10.751593
18.811196	10.758187
18.813176	10.768377
18.817426	10.758808
18.819475	10.741200
18.824749	10.699571
18.825775	10.685645
18.829400	10.657371
18.832957	10.631781
18.835526	10.593391
18.838987	10.556701
18.842254	10.516713
18.844223	10.469313
18.847277	10.426580
18.851506	10.374213
18.854440	10.334740
18.858089	10.286856
18.859020	10.251565
18.876017	10.021745
18.876989	10.002299
18.880288	9.966861
18.883589	9.942190
18.885718	9.923308
18.889216	9.907650
18.892312	9.890060
18.894434	9.863413
18.898106	9.836059
18.901192	9.803491
18.904288	9.769308
18.906868	9.730009
18.910213	9.678200
18.913292	9.613097
18.916704	9.527784
18.918677	9.446029
18.921739	9.357524
18.924834	9.257015
18.928316	9.170067
18.931613	9.078265
18.933598	8.981682
18.937179	8.887042
18.940811	8.793330
18.943426	8.702968
18.946813	8.631337
18.950760	8.565389
18.951850	8.508235
18.955074	8.437381
18.959506	8.401449
18.961973	8.375162
18.967985	8.400102
18.971070	8.249177
18.977841	8.334859
18.980113	8.249160
18.982284	8.254018
18.984268	8.222589
18.993212	8.146256
18.994153	8.091851
19.000409	7.952762
19.003453	7.871154
19.008605	7.754373
19.009627	7.699389
19.012913	7.603019
19.016004	7.498855
19.019197	7.383159
19.020916	7.263251
19.024480	7.121398
19.027209	6.974502
19.031336	6.834881
19.033994	6.693554
19.036897	6.560766
19.040189	6.431709
19.042712	6.289278
19.045582	6.288319
19.049887	6.092966
19.052826	6.045805
19.055800	6.003908
19.059444	6.022863
19.060577	6.060537
19.063584	6.102173
19.074563	6.110038
19.075717	6.508039
19.078376	6.635473
19.081013	6.774646
19.084866	6.882991
19.087707	6.970812
19.090733	7.066835
19.094169	7.131273
19.096363	7.157965
19.099203	7.169409
19.103085	7.148582
19.105648	7.112025
19.109072	7.051689
19.111599	6.971392
19.115309	6.879119
19.117834	6.784176
19.121079	6.661478
19.124127	6.542055
19.126254	6.423805
19.129529	6.292417
19.131866	6.173781
19.134967	6.120537
19.139282	5.974115
19.141238	5.882119
19.144373	5.860650
19.147638	5.826943
19.151103	5.781660
19.153665	5.790101
19.158179	5.815671
19.159435	5.857148
19.162393	5.937012
19.165761	6.013491
19.178138	6.280690
19.180427	6.341970
19.183748	6.605875
19.187169	6.729552
19.191656	6.840225
19.192673	6.973569
19.194625	7.015743
19.199034	7.179867
19.201081	7.212064
19.204533	7.396757
19.208811	7.501205
19.209847	7.521835
19.212979	7.626297
19.216398	7.834467
19.218383	7.850536
19.222528	7.960909
19.225654	8.186883
19.227726	8.312721
19.229854	8.332986
19.234359	8.607574
19.236942	8.632589
19.241170	8.925959
19.243427	9.117438
19.247084	9.303059
19.249571	9.484709
19.251544	9.504797
19.255446	9.687630
19.258676	9.852105
19.260926	10.016980
19.263930	10.193218
19.267429	10.348654
19.270816	10.506882
19.282239	11.147142
19.284643	11.374633
19.286691	11.562194
19.291091	11.757717
19.293053	11.986384
19.296370	11.959123
19.299732	12.414211
19.301777	12.652034
19.304918	12.911972
19.308002	13.171647
19.311112	13.454100
19.314190	13.782883
19.317698	14.102636
19.319673	14.434448
19.324989	15.125377
19.325961	15.151316
19.329354	15.498534
19.333957	15.892414
19.335266	16.269714
19.338453	16.634834
19.341448	17.045997
19.344519	17.417722
19.347579	17.793951
19.350990	18.161071
19.354328	18.594632
19.358558	18.988954
19.360173	19.369372
19.363134	19.848166
19.366570	20.250256
19.369579	20.645888
19.372147	21.090147
19.381820	22.224420
19.382856	22.621468
19.385993	23.069189
19.390283	23.942714
19.394317	24.342014
19.395321	24.295426
19.399343	24.692909
19.401362	25.140361
19.404642	25.608004
19.407940	26.019727
19.410961	26.497375
19.414054	26.926357
19.417092	27.361468
19.419676	27.810385
19.423796	28.309662
19.425851	28.768554
19.427905	29.242083
19.430481	29.776774
19.433560	29.766028
19.443170	30.893016
19.446645	32.370857
19.448625	32.355802
19.451914	32.908024
19.456195	33.852988
19.458300	33.823290
19.461406	34.319846
19.464545	34.754691
19.467829	35.641107
19.471146	36.099068
19.474220	36.041024
19.492729	40.150748
19.493865	40.102123
19.497443	40.051609
19.502763	40.014865
19.503717	39.967918
19.507755	40.850944
19.509973	41.330587
19.512110	41.807972
19.515240	42.249113
19.518262	42.699244
19.521355	43.220325
19.524665	43.702607
19.526723	43.699016
19.530763	44.722529
19.533975	45.221562
19.536007	45.240079
19.540169	46.264448
19.542146	46.286256
19.544250	46.780855
19.548370	47.735945
19.552211	48.284598
19.555298	48.876519
19.561200	49.879245
19.564752	49.888563
19.567183	50.828396
19.570376	51.327306
19.572366	51.346266
19.574831	51.811090
19.585534	53.534504
19.586560	53.599265
19.588920	54.063490
19.592342	54.606445
19.593623	55.089486
19.596678	55.579480
19.598691	55.648734
19.601789	56.201929
19.605114	56.694167
19.608555	57.195031
19.611720	57.715345
19.613717	58.165266
19.617989	58.698975
19.620133	59.217171
19.624330	60.228924
19.626380	60.278684
19.628490	60.773415
19.633492	61.774027
19.636559	62.281578
19.638557	62.317149
19.641661	62.881557
19.644742	63.354035
19.648437	63.879145
19.650961	64.405405
19.654194	65.326437
19.658443	65.355081
19.662793	66.250920
19.663889	66.261385
19.665983	66.700315
19.669085	67.157082
19.672417	67.631392
19.675675	68.053466
19.678944	68.449571
19.688681	70.051784
19.689680	70.088148
19.692246	70.109622
19.693218	70.538168
19.696485	71.430746
19.699549	71.907475
19.702738	72.351369
19.707165	72.784042
19.708187	72.803334
19.711462	73.670054
19.715513	74.091980
19.717718	74.507279
19.721746	74.971550
19.725056	75.373329
19.726024	75.393239
19.729318	75.825434
19.732328	76.294713
19.735367	77.133062
19.738450	77.163743
19.741809	78.059511
19.747486	78.545024
19.751016	79.475970
19.754069	79.943240
19.758398	80.420189
19.760516	80.949053
19.763928	81.406303
19.766009	81.907431
19.769171	82.443662
19.772588	82.937521
19.775724	83.433033
19.778926	83.969758
19.780969	84.464009
19.791527	85.997918
19.795737	86.940431
19.798982	87.500257
19.802249	88.001019
19.805520	88.542585
19.809037	89.121357
19.811279	89.634141
19.814290	90.152036
19.817617	90.670825
19.819863	91.218234
19.823412	91.700536
19.826507	92.180859
19.828720	92.692230
19.831800	93.146545
19.834972	93.607450
19.838100	94.102564
19.843250	94.542410
19.844218	94.958866
19.847500	95.427531
19.849965	95.929590
19.853755	96.378971
19.855734	96.817814
19.859085	97.304334
19.862403	97.744607
19.865635	98.173539
19.867757	98.653644
19.871286	99.081366
19.875532	99.509738
19.877704	99.911173
19.880870	100.404994
19.883084	100.837581
19.892740	102.966447
19.894910	103.064646
19.899091	103.121813
19.903519	104.018409
19.907526	104.497488
19.909694	104.534437
19.912924	105.388115
19.915342	105.793225
19.918862	106.236756
19.921992	106.608882
19.925155	106.988935
19.928397	107.402978
19.931430	107.765743
19.933402	107.784664
19.939206	108.445862
19.941207	108.817264
19.943850	109.129752
19.946182	109.443838
19.958449	110.473662
19.960578	110.503639
19.961574	110.765551
19.964747	111.103843
19.967834	111.440342
19.975488	112.183957
19.978298	112.577056
19.980916	112.946841
19.983963	113.318265
19.996525	114.166908
19.997798	114.384471
